leadRefId,lenderName,accountStatus,accountType,debtType,outstandingAmount,overdueAmount,delinquency,creditLimitAmount,sanctionedAmount,openDate,closedDate,lastPaymentDate,reportedDate,repaymentTenure,tenurePaid,settlementAmount,suitFiledWilfulDefault,roi
691d75b42f3a0b14f4e28f6e,ANANYA FINANCE FOR INCLUSIVE GROWTH PVT LTD,ACTIVE,UNSECURED,Microfinance – Business Loan,"6,012",,"1,385",,"10,000","Nov 19, 2021, 5:30 AM",,"Apr 6, 2022, 5:30 AM","Apr 30, 2022, 5:30 AM",0,47,,,
691d75b42f3a0b14f4e28f6e,Bajaj Finance Limited,CLOSED,UNSECURED,Consumer Loan,0,0,933,,"16,999","Jan 12, 2023, 5:30 AM","Jul 5, 2023, 5:30 AM","Jul 2, 2023, 5:30 AM","Aug 31, 2023, 5:30 AM",8,31,,,
691d75b42f3a0b14f4e28f6e,Bajaj Finance Limited,CLOSED,UNSECURED,Consumer Loan,0,0,871,,"12,499","Apr 13, 2023, 5:30 AM","Oct 13, 2023, 5:30 AM","Sep 2, 2023, 5:30 AM","Nov 30, 2023, 5:30 AM",8,28,,,
691d75b42f3a0b14f4e28f6e,Bajaj Finance Limited,ACTIVE,UNSECURED,Personal Loan,"31,012",0,5,,"71,613","Sep 19, 2023, 5:30 AM",,"Jan 15, 2026, 5:30 AM","Jan 31, 2026, 5:30 AM",39,3,,,35
691d75b42f3a0b14f4e28f6e,ANANYA FINANCE FOR INCLUSIVE GROWTH PVT LTD,ACTIVE,UNSECURED,Microfinance – Business Loan,"62,710",0,501,,"75,000","Mar 28, 2024, 5:30 AM",,"Sep 6, 2024, 5:30 AM","Sep 30, 2024, 5:30 AM",0,18,,,
691d75b42f3a0b14f4e28f6e,The Suryoday Micro-finance Private Ltd,ACTIVE,OTHERS,Business Loan – Priority Sector – Small Business,"29,246","9,886",105,,"60,000","Jul 24, 2024, 5:30 AM",,"Nov 7, 2025, 5:30 AM","Jan 31, 2026, 5:30 AM",24,3,0,,28
691d75b42f3a0b14f4e28f6e,Bajaj Finance Limited,ACTIVE,UNSECURED,Consumer Loan,"37,448",0,-11,,"74,900","Jan 4, 2025, 5:30 AM",,"Jan 31, 2026, 5:30 AM","Jan 31, 2026, 5:30 AM",24,3,,,
691d75b42f3a0b14f4e28f6e,Bandhan Bank,ACTIVE,UNSECURED,Business Loan - Unsecured,"26,343","15,992",184,,"50,000","Jun 29, 2024, 5:30 AM",,"Aug 20, 2025, 5:30 AM","Jan 31, 2026, 5:30 AM",96,3,,00,22
691d75b42f3a0b14f4e28f6e,HDB Financial Services Limited,ACTIVE,UNSECURED,Consumer Loan,"8,099","10,318",231,,"32,436","Jan 16, 2025, 5:30 AM",,"Jul 24, 2025, 5:30 AM","Jan 31, 2026, 5:30 AM",12,3,,,
685cc470186e146d7da64fea,IDFC FIRST BANK LIMITED,CLOSED,UNSECURED,Consumer Loan,0,0,"1,464",,"18,000","Dec 11, 2017, 5:30 AM","Jan 25, 2022, 5:30 AM","Jan 17, 2022, 5:30 AM","Jan 31, 2022, 5:30 AM",18,51,,00,
685cc470186e146d7da64fea,IDFC FIRST BANK LIMITED,CLOSED,UNSECURED,Consumer Loan,0,0,"2,058",,"10,000","Apr 4, 2019, 5:30 AM","Jun 3, 2020, 5:30 AM","Jun 2, 2020, 5:30 AM","Jun 30, 2020, 5:30 AM",12,75,,00,
685cc470186e146d7da64fea,IDFC FIRST BANK LIMITED,CLOSED,UNSECURED,Consumer Loan,0,0,"1,395",,"15,291","Sep 30, 2019, 5:30 AM","Apr 3, 2022, 5:30 AM","Mar 27, 2022, 5:30 AM","Apr 30, 2022, 5:30 AM",15,51,,00,
685cc470186e146d7da64fea,ICICI Bank,CLOSED,SECURED,Gold Loan,0,0,"1,379",,"19,896","Oct 9, 2020, 5:30 AM","Apr 12, 2022, 5:30 AM","Apr 12, 2022, 5:30 AM","Apr 30, 2022, 5:30 AM",0,51,,,
685cc470186e146d7da64fea,Hero FinCorp Ltd,CLOSED,SECURED,Two-Wheeler Loan,0,0,"1,334",,"58,250","Jan 22, 2021, 5:30 AM","May 31, 2022, 5:30 AM","May 27, 2022, 5:30 AM","May 31, 2022, 5:30 AM",30,51,,00,19
685cc470186e146d7da64fea,Clix Capital Services Private Limited,CLOSED,UNSECURED,Consumer Loan,0,0,0,,"3,000","Dec 3, 2020, 5:30 AM","Jun 6, 2021, 5:30 AM",,"Jun 30, 2021, 5:30 AM",0,63,,,
685cc470186e146d7da64fea,Aditya Birla Capital Ltd,CLOSED,UNSECURED,Short Term Personal Loan [Unsecured],0,0,960,,"1,000","Dec 2, 2021, 5:30 AM","Jun 5, 2023, 5:30 AM","Jun 5, 2023, 5:30 AM","May 31, 2024, 5:30 AM",0,27,,,
685cc470186e146d7da64fea,Hero FinCorp Ltd,CLOSED,UNSECURED,Personal Loan,0,0,587,,"101,070","May 23, 2022, 5:30 AM","Jun 23, 2024, 5:30 AM","Jun 12, 2024, 5:30 AM","Jun 30, 2024, 5:30 AM",24,27,,00,25
685cc470186e146d7da64fea,NDX P2P PRIVATE LIMITED,CLOSED,UNSECURED,Personal Loan,0,0,"1,172",,"3,000","Aug 12, 2022, 5:30 AM","Nov 5, 2022, 5:30 AM","Nov 5, 2022, 5:30 AM","Nov 30, 2022, 5:30 AM",3,40,,,39
685cc470186e146d7da64fea,SI CREVA CAPITAL,CLOSED,UNSECURED,Personal Loan,0,0,"1,245",,"3,000","Aug 1, 2022, 5:30 AM","Feb 5, 2023, 5:30 AM","Aug 24, 2022, 5:30 AM","Feb 28, 2023, 5:30 AM",1,39,,,
685cc470186e146d7da64fea,IDFC FIRST BANK LIMITED,CLOSED,UNSECURED,Consumer Loan,0,0,"1,021",,"20,519","Aug 1, 2022, 5:30 AM","Apr 12, 2023, 5:30 AM","Apr 5, 2023, 5:30 AM","Apr 30, 2023, 5:30 AM",8,39,,00,
685cc470186e146d7da64fea,IDFC FIRST BANK LIMITED,CLOSED,UNSECURED,Consumer Loan,0,0,437,,"30,000","Sep 2, 2022, 5:30 AM","Jun 4, 2025, 5:30 AM","Nov 9, 2024, 5:30 AM","Jun 4, 2025, 5:30 AM",60,15,,00,
685cc470186e146d7da64fea,IDFC FIRST BANK LIMITED,CLOSED,UNSECURED,Personal Loan,0,0,"1,176",,"6,000","Sep 12, 2022, 5:30 AM","Jan 19, 2024, 5:30 AM","Nov 1, 2022, 5:30 AM","Jan 31, 2024, 5:30 AM",24,27,,00,
685cc470186e146d7da64fea,True Credits Private Limited,CLOSED,UNSECURED,Personal Loan,0,0,870,,"5,668","Aug 29, 2023, 5:30 AM","Sep 3, 2023, 5:30 AM","Sep 3, 2023, 5:30 AM","Sep 30, 2023, 5:30 AM",6,30,,00,50
685cc470186e146d7da64fea,Mpokket Financial Services Pvt Ltd,CLOSED,UNSECURED,Personal Loan,0,0,870,,500,"Aug 29, 2023, 5:30 AM","Sep 3, 2023, 5:30 AM","Sep 3, 2023, 5:30 AM","Sep 30, 2023, 5:30 AM",1,30,,,
685cc470186e146d7da64fea,Mpokket Financial Services Pvt Ltd,CLOSED,UNSECURED,Personal Loan,0,0,870,,500,"Aug 29, 2023, 5:30 AM","Sep 3, 2023, 5:30 AM","Sep 3, 2023, 5:30 AM","Sep 30, 2023, 5:30 AM",1,30,,,
685cc470186e146d7da64fea,Mpokket Financial Services Pvt Ltd,CLOSED,UNSECURED,Personal Loan,0,0,870,,"1,000","Aug 29, 2023, 5:30 AM","Sep 3, 2023, 5:30 AM","Sep 3, 2023, 5:30 AM","Sep 30, 2023, 5:30 AM",1,30,,,
685cc470186e146d7da64fea,VIVRITI CAPITAL LIMITED,CLOSED,UNSECURED,Personal Loan,0,0,711,,"15,066","Nov 20, 2023, 5:30 AM","Feb 9, 2024, 5:30 AM","Feb 9, 2024, 5:30 AM","Feb 29, 2024, 5:30 AM",6,27,,00,56
685cc470186e146d7da64fea,Mpokket Financial Services Pvt Ltd,CLOSED,UNSECURED,Short Term Personal Loan [Unsecured],0,0,685,,"4,000","Dec 8, 2023, 5:30 AM","Mar 6, 2024, 5:30 AM","Mar 6, 2024, 5:30 AM","Mar 31, 2024, 5:30 AM",3,27,,,
685cc470186e146d7da64fea,Bajaj Finance Limited,CLOSED,SECURED,Two-Wheeler Loan,0,0,226,,"102,000","Mar 28, 2024, 5:30 AM","Jun 8, 2025, 5:30 AM","Jun 8, 2025, 5:30 AM","Jul 31, 2025, 5:30 AM",0,15,,,
685cc470186e146d7da64fea,State Bank of India,CLOSED,OTHERS,Business Loan – General,0,,0,,"10,000","Sep 26, 2023, 5:30 AM","Aug 7, 2024, 5:30 AM",,"Aug 31, 2024, 5:30 AM",12,19,0,,12
685cc470186e146d7da64fea,Mpokket Financial Services Pvt Ltd,CLOSED,UNSECURED,Short Term Personal Loan [Unsecured],0,0,565,,"1,000","Jun 8, 2024, 5:30 AM","Jul 4, 2024, 5:30 AM","Jul 4, 2024, 5:30 AM","Jul 31, 2024, 5:30 AM",1,20,,,
685cc470186e146d7da64fea,Hero FinCorp Ltd,ACTIVE,UNSECURED,Personal Loan,"130,712","8,401",12,,"203,091","Aug 6, 2024, 5:30 AM",,"Jan 23, 2026, 5:30 AM","Feb 15, 2026, 5:30 AM",36,3,,00,27
685cc470186e146d7da64fea,ICICI Bank,CLOSED,SECURED,Gold Loan,0,0,357,,"48,205","Jan 24, 2024, 5:30 AM","Jan 29, 2025, 5:30 AM","Jan 28, 2025, 5:30 AM","Jan 31, 2025, 5:30 AM",0,15,,,
685cc470186e146d7da64fea,Krazybee Services Private Limited,CLOSED,UNSECURED,Short Term Personal Loan [Unsecured],0,0,321,,"1,680","Jan 20, 2025, 5:30 AM","Mar 5, 2025, 5:30 AM","Mar 5, 2025, 5:30 AM","Mar 15, 2025, 5:30 AM",7,12,,,
685cc470186e146d7da64fea,Muthoot Fincorp ltd,ACTIVE,SECURED,Gold Loan,"104,854",0,-2,,"104,854","Jan 22, 2026, 5:30 AM",,"Jan 22, 2026, 5:30 AM","Jan 31, 2026, 5:30 AM",13,2,,,0
685cc470186e146d7da64fea,Mirae Asset Financial Services India Pvt Ltd,CLOSED,UNSECURED,Personal Loan,0,0,321,,"6,720","Jan 20, 2025, 5:30 AM","Mar 5, 2025, 5:30 AM","Mar 5, 2025, 5:30 AM","May 14, 2025, 5:30 AM",7,10,,,28
685cc470186e146d7da64fea,Krazybee Services Private Limited,CLOSED,UNSECURED,Short Term Personal Loan [Unsecured],0,0,198,,"3,000","Apr 19, 2025, 5:30 AM","Jul 6, 2025, 5:30 AM","Jul 6, 2025, 5:30 AM","Jul 15, 2025, 5:30 AM",8,8,,,
685cc470186e146d7da64fea,Northern Arc Capital Limited,CLOSED,UNSECURED,Short Term Personal Loan [Unsecured],0,0,198,,"12,000","Apr 19, 2025, 5:30 AM","Jul 6, 2025, 5:30 AM","Jul 6, 2025, 5:30 AM","Jul 31, 2025, 5:30 AM",8,8,,00,28
685cc470186e146d7da64fea,WHIZDM FINANCE PRIVATE LIMITED,ACTIVE,UNSECURED,Short Term Personal Loan [Unsecured],"2,501",0,0,,"20,000","May 1, 2025, 5:30 AM",,,"Jan 31, 2026, 5:30 AM",9,3,,,34
685cc470186e146d7da64fea,Poonawalla Fincorp Limited,ACTIVE,UNSECURED,Personal Loan,"79,533",0,15,,"90,000","Jul 5, 2025, 5:30 AM",,"Jan 5, 2026, 5:30 AM","Jan 31, 2026, 5:30 AM",0,3,,,
685cc470186e146d7da64fea,Krazybee Services Private Limited,CLOSED,UNSECURED,Short Term Personal Loan [Unsecured],0,0,82,,"5,700","Aug 7, 2025, 5:30 AM","Oct 30, 2025, 5:30 AM","Oct 30, 2025, 5:30 AM","Oct 31, 2025, 5:30 AM",9,5,,,
685cc470186e146d7da64fea,PayU Finance India PVT Ltd,CLOSED,UNSECURED,Short Term Personal Loan [Unsecured],0,,82,,"22,800","Aug 7, 2025, 5:30 AM","Oct 30, 2025, 5:30 AM","Oct 30, 2025, 5:30 AM","Oct 31, 2025, 5:30 AM",9,5,,,
685cc470186e146d7da64fea,VIVRITI CAPITAL LIMITED,CLOSED,UNSECURED,Personal Loan,0,,51,,"9,500","Sep 7, 2025, 5:30 AM","Nov 30, 2025, 5:30 AM","Nov 30, 2025, 5:30 AM","Nov 30, 2025, 5:30 AM",0,4,,,
685cc470186e146d7da64fea,BRANCH INTERNATIONAL FINANCIAL SERVICES PVT LTD,CLOSED,UNSECURED,Short Term Personal Loan [Unsecured],0,0,77,,"5,000","Sep 7, 2025, 5:30 AM","Nov 4, 2025, 5:30 AM","Nov 4, 2025, 5:30 AM","Nov 15, 2025, 5:30 AM",3,4,,,
685cc470186e146d7da64fea,Vaibhav Vyapaar Pvt Ltd,CLOSED,UNSECURED,Short Term Personal Loan [Unsecured],0,0,82,,"10,000","Sep 26, 2025, 5:30 AM","Oct 30, 2025, 5:30 AM","Oct 30, 2025, 5:30 AM","Oct 31, 2025, 5:30 AM",4,5,,,2
685cc470186e146d7da64fea,Sayyam Investmets Pvt Ltd,CLOSED,UNSECURED,Short Term Personal Loan [Unsecured],0,0,67,,"2,500","Oct 28, 2025, 5:30 AM","Nov 14, 2025, 5:30 AM","Nov 14, 2025, 5:30 AM","Nov 30, 2025, 5:30 AM",0,4,,,
685cc470186e146d7da64fea,Sayyam Investmets Pvt Ltd,CLOSED,UNSECURED,Short Term Personal Loan [Unsecured],0,0,9,,"20,200","Nov 14, 2025, 5:30 AM","Jan 11, 2026, 5:30 AM","Jan 11, 2026, 5:30 AM","Jan 15, 2026, 5:30 AM",0,3,,,
69227e3565bc017d909e5bd3,ICICI Bank,CLOSED,UNSECURED,Credit Card,0,0,"2,916","35,000","8,007","Sep 6, 2017, 5:30 AM","Nov 12, 2018, 5:30 AM","Oct 30, 2017, 5:30 AM","Aug 12, 2019, 5:30 AM",0,84,,,
69227e3565bc017d909e5bd3,Home Credit India Finance Pvt. Ltd,CLOSED,UNSECURED,Consumer Loan,0,0,"2,428",,"7,907","Jul 30, 2018, 5:30 AM","Mar 3, 2019, 5:30 AM","Mar 2, 2019, 5:30 AM","Mar 31, 2019, 5:30 AM",7,84,,,
69227e3565bc017d909e5bd3,Home Credit India Finance Pvt. Ltd,CLOSED,UNSECURED,Personal Loan,0,0,"2,078",,"20,000","Feb 11, 2019, 5:30 AM","Feb 15, 2020, 5:30 AM","Feb 15, 2020, 5:30 AM","Feb 29, 2020, 5:30 AM",12,72,,,27
69227e3565bc017d909e5bd3,Dhani Loans and Services Limited,ACTIVE,UNSECURED,Personal Loan,0,0,"1,510",,"10,000","Mar 14, 2020, 5:30 AM",,"Sep 5, 2021, 5:30 AM","Nov 15, 2025, 5:30 AM",12,1,0,,
69227e3565bc017d909e5bd3,CapFloat Financial Services Pvt Ltd,ACTIVE,UNSECURED,Consumer Loan,0,0,323,,"16,000","May 27, 2024, 5:30 AM",,"Dec 5, 2024, 5:30 AM","Nov 15, 2025, 5:30 AM",0,1,,,
69227e3565bc017d909e5bd3,PIRAMAL FINANCE LIMITED,CLOSED,UNSECURED,Personal Loan,0,0,140,,"7,838","Nov 28, 2024, 5:30 AM","Jun 6, 2025, 5:30 AM","Jun 6, 2025, 5:30 AM","Jun 30, 2025, 5:30 AM",0,12,0,,
69227e3565bc017d909e5bd3,ARKA FINCAP LIMITED,ACTIVE,UNSECURED,Personal Loan,"122,353",0,12,,"150,480","Nov 25, 2024, 5:30 AM",,"Oct 12, 2025, 5:30 AM","Oct 31, 2025, 5:30 AM",36,2,,,
69227e3565bc017d909e5bd3,WORTGAGE FINANCE PVT LTD,ACTIVE,UNSECURED,Personal Loan,"13,595",0,12,,"16,720","Nov 25, 2024, 5:30 AM",,"Oct 12, 2025, 5:30 AM","Oct 31, 2025, 5:30 AM",36,2,,,33
69227e3565bc017d909e5bd3,Cholamandalam Investment and Finance Company Limited,ACTIVE,SECURED,Two-Wheeler Loan,"65,559",0,-17,,"94,000","Dec 4, 2024, 5:30 AM",,"Nov 10, 2025, 5:30 AM","Nov 15, 2025, 5:30 AM",30,1,,,12
69227e3565bc017d909e5bd3,VIVRITI CAPITAL LIMITED,ACTIVE,UNSECURED,Personal Loan,"200,214",0,-16,,"300,000","Dec 12, 2024, 5:30 AM",,"Nov 9, 2025, 5:30 AM","Nov 15, 2025, 5:30 AM",24,1,,,
69227e3565bc017d909e5bd3,HDFC Bank Ltd,ACTIVE,UNSECURED,Consumer Loan,"17,424",0,-12,,"36,512","Jun 23, 2025, 5:30 AM",,"Nov 5, 2025, 5:30 AM","Nov 15, 2025, 5:30 AM",8,1,,00,22
69227e3565bc017d909e5bd3,Cholamandalam Investment and Finance Company Limited,ACTIVE,UNSECURED,Personal Loan,"49,324",0,0,,"51,000","Sep 6, 2025, 5:30 AM",,,"Nov 15, 2025, 5:30 AM",24,1,,,24
69227e3565bc017d909e5bd3,Krazybee Services Private Limited,ACTIVE,UNSECURED,Short Term Personal Loan [Unsecured],"6,603",0,21,,"7,400","Sep 10, 2025, 5:30 AM",,"Oct 3, 2025, 5:30 AM","Oct 31, 2025, 5:30 AM",9,2,,,
69227e3565bc017d909e5bd3,PayU Finance India PVT Ltd,ACTIVE,UNSECURED,Short Term Personal Loan [Unsecured],"26,417",,21,,"29,600","Sep 10, 2025, 5:30 AM",,"Oct 3, 2025, 5:30 AM","Oct 31, 2025, 5:30 AM",9,2,,,
69227e3565bc017d909e5bd3,R K BANSAL FINANCE PRIVATE LIMITED,ACTIVE,UNSECURED,Short Term Personal Loan [Unsecured],"8,000",0,0,,"8,000","Oct 5, 2025, 5:30 AM",,,"Oct 15, 2025, 5:30 AM",0,2,,00,
6926a9f74b5803785c83d1d7,Bajaj Finance Limited,CLOSED,UNSECURED,Consumer Loan,0,0,"1,000",,"52,000","Jul 18, 2022, 5:30 AM","May 4, 2023, 5:30 AM","May 2, 2023, 5:30 AM","Jun 30, 2023, 5:30 AM",15,39,,,
6926a9f74b5803785c83d1d7,HDFC Bank Ltd,ACTIVE,UNSECURED,Credit Card,"13,081",,-5,"371,000","130,185","Dec 19, 2022, 5:30 AM",,"Jan 31, 2026, 5:30 AM","Feb 15, 2026, 5:30 AM",0,3,,,
6926a9f74b5803785c83d1d7,SBI Cards and Payment Services Private Limited,CLOSED,UNSECURED,Credit Card,0,0,124,0,"70,162","Jan 4, 2023, 5:30 AM","Sep 26, 2025, 5:30 AM","Sep 24, 2025, 5:30 AM","Nov 15, 2025, 5:30 AM",0,4,,,
6926a9f74b5803785c83d1d7,HDFC Bank Ltd,CLOSED,UNSECURED,Personal Loan,0,0,740,,"935,000","Aug 14, 2023, 5:30 AM","Jan 17, 2024, 5:30 AM","Jan 17, 2024, 5:30 AM","Jan 31, 2024, 5:30 AM",0,27,,00,
6926a9f74b5803785c83d1d7,ICICI Bank,CLOSED,UNSECURED,Personal Loan,0,0,147,,"1,000,000","Sep 20, 2023, 5:30 AM","Sep 1, 2025, 5:30 AM","Sep 1, 2025, 5:30 AM","Sep 15, 2025, 5:30 AM",36,15,0,00,
6926a9f74b5803785c83d1d7,ICICI Bank,CLOSED,UNSECURED,Credit Card,0,0,369,"500,000","24,567","Sep 20, 2023, 5:30 AM","Sep 7, 2025, 5:30 AM","Jan 22, 2025, 5:30 AM","Sep 8, 2025, 5:30 AM",0,15,,00,
6926a9f74b5803785c83d1d7,HDFC Bank Ltd,CLOSED,UNSECURED,Personal Loan,0,0,151,,"990,000","Jan 16, 2024, 5:30 AM","Aug 28, 2025, 5:30 AM","Aug 28, 2025, 5:30 AM","Aug 31, 2025, 5:30 AM",0,15,,,
6926a9f74b5803785c83d1d7,ICICI Bank,CLOSED,UNSECURED,Credit Card,0,0,445,"500,000","15,294","Mar 12, 2024, 5:30 AM","Nov 16, 2025, 5:30 AM","Nov 7, 2024, 5:30 AM","Dec 15, 2025, 5:30 AM",0,3,,00,
6926a9f74b5803785c83d1d7,Lord Krishna Financial Services Ltd,CLOSED,OTHERS,Educational Loan,0,0,174,,"24,082","Apr 21, 2025, 5:30 AM","Aug 5, 2025, 5:30 AM","Aug 5, 2025, 5:30 AM","Oct 31, 2025, 5:30 AM",4,5,,00,7
6926a9f74b5803785c83d1d7,HDFC Bank Ltd,CLOSED,UNSECURED,Personal Loan,0,0,5,,"1,405,000","Aug 26, 2025, 5:30 AM","Jan 21, 2026, 5:30 AM","Jan 21, 2026, 5:30 AM","Jan 31, 2026, 5:30 AM",0,3,,,
6926a9f74b5803785c83d1d7,BOBCARD LIMITED,ACTIVE,UNSECURED,Credit Card,"32,873",0,2,"200,000","54,255","Sep 30, 2025, 5:30 AM",,"Jan 24, 2026, 5:30 AM","Feb 15, 2026, 5:30 AM",0,3,,,
6926a9f74b5803785c83d1d7,Axis Bank,ACTIVE,UNSECURED,Credit Card,0,0,0,"250,000",857,"Sep 24, 2025, 5:30 AM",,,"Feb 15, 2026, 5:30 AM",0,3,,00,
6926a9f74b5803785c83d1d7,SBI Cards and Payment Services Private Limited,ACTIVE,UNSECURED,Credit Card,"37,897",0,34,"90,000","77,534","Jan 4, 2023, 5:30 AM",,"Dec 23, 2025, 5:30 AM","Feb 15, 2026, 5:30 AM",0,3,,,
68f4ce718c61064a6952f4e6,AU Small Finance Bank,CLOSED,SECURED,Auto Loan,0,0,"3,675",,"272,000","Dec 31, 2013, 5:30 AM","Oct 21, 2015, 5:30 AM","Oct 5, 2015, 5:30 AM","Oct 31, 2015, 5:30 AM",0,122,,,
68f4ce718c61064a6952f4e6,HDB Financial Services Limited,CLOSED,SECURED,Auto Loan,0,0,"2,876",,"225,000","Oct 31, 2015, 5:30 AM","Dec 12, 2017, 5:30 AM","Dec 12, 2017, 5:30 AM","Dec 31, 2017, 5:30 AM",0,96,,,
68f4ce718c61064a6952f4e6,HDB Financial Services Limited,CLOSED,UNSECURED,Personal Loan,0,0,"2,287",,"250,000","Sep 30, 2016, 5:30 AM","Jul 24, 2019, 5:30 AM","Jul 24, 2019, 5:30 AM","Jul 31, 2019, 5:30 AM",0,84,,,
68f4ce718c61064a6952f4e6,Bajaj Finance Limited,CLOSED,UNSECURED,Consumer Loan,0,0,"3,005",,"31,889","Oct 11, 2016, 5:30 AM","Sep 10, 2017, 5:30 AM","Aug 5, 2017, 5:30 AM","Mar 31, 2021, 5:30 AM",0,84,,,
68f4ce718c61064a6952f4e6,IDFC FIRST BANK LIMITED,CLOSED,UNSECURED,Consumer Loan,0,0,"2,974",,"35,500","Jan 3, 2017, 5:30 AM","Sep 20, 2017, 5:30 AM","Sep 5, 2017, 5:30 AM","Sep 30, 2017, 5:30 AM",12,99,,00,
68f4ce718c61064a6952f4e6,Bajaj Finance Limited,CLOSED,UNSECURED,Consumer Loan,0,0,"2,913",,"70,000","Jan 11, 2017, 5:30 AM","Feb 10, 2018, 5:30 AM","Nov 5, 2017, 5:30 AM","Mar 31, 2021, 5:30 AM",0,60,,,
68f4ce718c61064a6952f4e6,Bajaj Finance Limited,CLOSED,UNSECURED,Consumer Loan,0,0,"2,947",,"22,950","Jan 11, 2017, 5:30 AM","Nov 17, 2017, 5:30 AM","Oct 2, 2017, 5:30 AM","Mar 31, 2021, 5:30 AM",0,57,,,
68f4ce718c61064a6952f4e6,Bajaj Finance Limited,CLOSED,UNSECURED,Consumer Loan,0,0,"2,735",,"47,550","Mar 14, 2017, 5:30 AM","Sep 9, 2018, 5:30 AM","May 2, 2018, 5:30 AM","Mar 31, 2021, 5:30 AM",0,60,,,
68f4ce718c61064a6952f4e6,Bajaj Finance Limited,CLOSED,OTHERS,Business Loan – General,0,0,"1,952",,"306,000","Dec 30, 2017, 5:30 AM","Jun 23, 2020, 5:30 AM","Jun 23, 2020, 5:30 AM","Mar 31, 2021, 5:30 AM",0,60,,,
68f4ce718c61064a6952f4e6,IDFC FIRST BANK LIMITED,CLOSED,UNSECURED,Personal Loan,0,0,"1,581",,"261,751","Dec 27, 2017, 5:30 AM","Jul 11, 2021, 5:30 AM","Jun 29, 2021, 5:30 AM","Jul 31, 2021, 5:30 AM",39,60,,00,
68f4ce718c61064a6952f4e6,Bajaj Finance Limited,CLOSED,OTHERS,Business Loan – General,0,0,"2,640",,"17,728","Jan 31, 2018, 5:30 AM","Sep 9, 2018, 5:30 AM","Aug 5, 2018, 5:30 AM","Mar 31, 2021, 5:30 AM",0,60,,,
68f4ce718c61064a6952f4e6,Bajaj Finance Limited,CLOSED,UNSECURED,Consumer Loan,0,0,"2,579",,"19,900","Feb 17, 2018, 5:30 AM","Dec 17, 2018, 5:30 AM","Oct 5, 2018, 5:30 AM","Mar 31, 2021, 5:30 AM",0,84,,,
68f4ce718c61064a6952f4e6,Bajaj Finance Limited,CLOSED,UNSECURED,Consumer Loan,0,0,"2,518",,"13,300","Apr 11, 2018, 5:30 AM","May 13, 2019, 5:30 AM","Dec 5, 2018, 5:30 AM","Mar 31, 2021, 5:30 AM",0,60,,,
68f4ce718c61064a6952f4e6,Bajaj Finance Limited,CLOSED,UNSECURED,Consumer Loan,0,0,"2,518",,"15,600","Apr 11, 2018, 5:30 AM","May 13, 2019, 5:30 AM","Dec 5, 2018, 5:30 AM","Mar 31, 2021, 5:30 AM",0,60,,,
68f4ce718c61064a6952f4e6,Bajaj Finance Limited,CLOSED,UNSECURED,Consumer Loan,0,0,"2,456",,"26,000","May 18, 2018, 5:30 AM","Mar 14, 2019, 5:30 AM","Feb 5, 2019, 5:30 AM","Mar 31, 2021, 5:30 AM",0,57,,,
68f4ce718c61064a6952f4e6,Bajaj Finance Limited,CLOSED,UNSECURED,Consumer Loan,0,0,"2,609",,"20,990","Aug 18, 2018, 5:30 AM","Nov 12, 2019, 5:30 AM","Sep 5, 2018, 5:30 AM","Mar 31, 2021, 5:30 AM",0,60,,,
68f4ce718c61064a6952f4e6,ICICI Bank,CLOSED,UNSECURED,Consumer Loan,0,,"2,124",,"73,900","Mar 15, 2019, 5:30 AM","Jul 31, 2022, 5:30 AM","Jan 3, 2020, 5:30 AM","Jul 31, 2024, 5:30 AM",9,24,,,
68f4ce718c61064a6952f4e6,Bajaj Finance Limited,CLOSED,UNSECURED,Consumer Loan,0,0,"2,247",,"13,990","Mar 18, 2019, 5:30 AM","Nov 17, 2019, 5:30 AM","Sep 2, 2019, 5:30 AM","Mar 31, 2021, 5:30 AM",0,60,,,
68f4ce718c61064a6952f4e6,HDFC Bank Ltd,ACTIVE,UNSECURED,Credit Card,"43,997",,-6,"44,000","49,978","Jun 20, 2019, 5:30 AM",,"Nov 2, 2025, 5:30 AM","Nov 15, 2025, 5:30 AM",0,1,,,
68f4ce718c61064a6952f4e6,HDFC Bank Ltd,CLOSED,SECURED,Auto Loan,0,0,"1,145",,"254,598","Jun 4, 2019, 5:30 AM","Sep 8, 2022, 5:30 AM","Sep 8, 2022, 5:30 AM","Sep 30, 2022, 5:30 AM",0,48,,,
68f4ce718c61064a6952f4e6,Bajaj Finance Limited,CLOSED,UNSECURED,Consumer Loan,0,0,"2,125",,"41,500","May 14, 2019, 5:30 AM","May 8, 2020, 5:30 AM","Jan 2, 2020, 5:30 AM","Mar 31, 2021, 5:30 AM",0,60,,,
68f4ce718c61064a6952f4e6,HDB Financial Services Limited,CLOSED,UNSECURED,Personal Loan,0,0,"1,518",,"400,000","Jul 23, 2019, 5:30 AM","Aug 31, 2021, 5:30 AM","Aug 31, 2021, 5:30 AM","Aug 31, 2021, 5:30 AM",41,60,,,
68f4ce718c61064a6952f4e6,EarlySalary Services Pvt Ltd,CLOSED,UNSECURED,Personal Loan,0,0,"2,120",,"20,000","Oct 1, 2019, 5:30 AM","Jan 7, 2020, 5:30 AM","Jan 7, 2020, 5:30 AM","May 31, 2023, 5:30 AM",0,31,,,
68f4ce718c61064a6952f4e6,POONAWALLA FINANCE PRIVATE LIMITED,CLOSED,UNSECURED,Personal Loan,0,0,"2,002",,"20,000","Jan 17, 2020, 5:30 AM","May 4, 2020, 5:30 AM","May 4, 2020, 5:30 AM","Feb 29, 2024, 5:30 AM",0,22,,,
68f4ce718c61064a6952f4e6,IDFC FIRST BANK LIMITED,CLOSED,UNSECURED,Consumer Loan,0,0,"1,483",,"27,999","Oct 1, 2020, 5:30 AM","Nov 9, 2021, 5:30 AM","Oct 5, 2021, 5:30 AM","Nov 30, 2021, 5:30 AM",12,49,,00,
68f4ce718c61064a6952f4e6,RBL Bank,CLOSED,UNSECURED,Credit Card,"40,256",0,"1,183","92,000","95,948","Oct 14, 2020, 5:30 AM","Sep 13, 2022, 5:30 AM","Aug 1, 2022, 5:30 AM","Nov 30, 2023, 5:30 AM",0,25,,,46
68f4ce718c61064a6952f4e6,SBI Cards and Payment Services Private Limited,ACTIVE,UNSECURED,Credit Card,"63,463",0,18,"63,000","125,999","Oct 21, 2020, 5:30 AM",,"Oct 9, 2025, 5:30 AM","Oct 30, 2025, 5:30 AM",0,2,,,
68f4ce718c61064a6952f4e6,IDFC FIRST BANK LIMITED,CLOSED,UNSECURED,Consumer Loan,0,0,"1,575",,"12,510","Dec 23, 2020, 5:30 AM","Jul 17, 2021, 5:30 AM","Jul 5, 2021, 5:30 AM","Jul 31, 2021, 5:30 AM",6,60,,00,
68f4ce718c61064a6952f4e6,IDFC FIRST BANK LIMITED,CLOSED,UNSECURED,Consumer Loan,0,0,"1,452",,"19,450","Feb 28, 2021, 5:30 AM","Nov 15, 2021, 5:30 AM","Nov 5, 2021, 5:30 AM","Nov 30, 2021, 5:30 AM",8,49,,00,
68f4ce718c61064a6952f4e6,Bajaj Finance Limited,CLOSED,UNSECURED,Consumer Loan,0,0,"1,305",,"13,320","Feb 28, 2021, 5:30 AM","May 9, 2022, 5:30 AM","Apr 1, 2022, 5:30 AM","Jun 30, 2022, 5:30 AM",15,48,,,
68f4ce718c61064a6952f4e6,Bajaj Finance Limited,CLOSED,OTHERS,Business Loan – General,0,0,877,,"121,500","Jun 23, 2020, 5:30 AM","Jun 3, 2023, 5:30 AM","Jun 3, 2023, 5:30 AM","Jul 31, 2023, 5:30 AM",0,36,,,
68f4ce718c61064a6952f4e6,Bajaj Finance Limited,CLOSED,UNSECURED,Consumer Loan,0,0,"1,332",,"29,000","Jun 23, 2021, 5:30 AM","Mar 8, 2022, 5:30 AM","Mar 5, 2022, 5:30 AM","Apr 30, 2022, 5:30 AM",0,48,,,
68f4ce718c61064a6952f4e6,IDFC FIRST BANK LIMITED,CLOSED,UNSECURED,Credit Card,0,0,0,"40,000","39,072","Apr 28, 2021, 5:30 AM","Apr 29, 2022, 5:30 AM",,"Sep 30, 2023, 5:30 AM",0,36,,,
68f4ce718c61064a6952f4e6,Bajaj Finance Limited,CLOSED,UNSECURED,Consumer Loan,0,0,"1,301",,"29,990","Jul 4, 2021, 5:30 AM","May 8, 2022, 5:30 AM","Apr 5, 2022, 5:30 AM","Jun 30, 2022, 5:30 AM",15,48,,,
68f4ce718c61064a6952f4e6,HDB Financial Services Limited,CLOSED,UNSECURED,Personal Loan,0,0,418,,"500,000","Aug 31, 2021, 5:30 AM","Sep 4, 2024, 5:30 AM","Sep 4, 2024, 5:30 AM","Sep 30, 2024, 5:30 AM",36,24,,,
68f4ce718c61064a6952f4e6,RBL Bank,CLOSED,UNSECURED,Credit Card,0,0,0,"92,000",0,"Jul 1, 2021, 5:30 AM","Jul 1, 2021, 5:30 AM",,"Jul 13, 2021, 5:30 AM",0,53,,,
68f4ce718c61064a6952f4e6,IDFC FIRST BANK LIMITED,CLOSED,UNSECURED,Personal Loan,0,0,"1,545",,"1,000","Aug 4, 2021, 5:30 AM","Sep 24, 2022, 5:30 AM","Aug 4, 2021, 5:30 AM","Sep 30, 2022, 5:30 AM",24,48,,00,
68f4ce718c61064a6952f4e6,Bajaj Finance Limited,CLOSED,UNSECURED,Consumer Loan,0,0,"1,304",,"13,990","Nov 1, 2021, 5:30 AM","May 10, 2022, 5:30 AM","Apr 2, 2022, 5:30 AM","Jun 30, 2022, 5:30 AM",8,48,,,
68f4ce718c61064a6952f4e6,Muthoot Finance Limited,CLOSED,SECURED,Gold Loan,0,0,"1,411",,"185,100","Dec 22, 2020, 5:30 AM","Dec 16, 2021, 5:30 AM","Dec 16, 2021, 5:30 AM","Dec 31, 2021, 5:30 AM",12,48,,,26
68f4ce718c61064a6952f4e6,Protium Finance Limited,CLOSED,UNSECURED,Business Loan - Unsecured,0,0,0,,"400,000","Nov 22, 2021, 5:30 AM","Nov 7, 2023, 5:30 AM",,"Nov 30, 2023, 5:30 AM",0,25,,,
68f4ce718c61064a6952f4e6,ICICI Bank,ACTIVE,UNSECURED,Credit Card,"39,949",0,18,"40,000","40,000","Feb 11, 2022, 5:30 AM",,"Oct 9, 2025, 5:30 AM","Nov 15, 2025, 5:30 AM",0,1,,00,
68f4ce718c61064a6952f4e6,Yes Bank,ACTIVE,UNSECURED,Credit Card,"45,555",0,-8,"46,000","46,542","Mar 3, 2022, 5:30 AM",,"Nov 4, 2025, 5:30 AM","Nov 15, 2025, 5:30 AM",0,1,,,
68f4ce718c61064a6952f4e6,BOBCARD LIMITED,ACTIVE,UNSECURED,Credit Card,"60,410",0,0,"60,000","60,708","Mar 3, 2022, 5:30 AM",,,"Nov 15, 2025, 5:30 AM",0,1,,,
68f4ce718c61064a6952f4e6,IDFC FIRST BANK LIMITED,ACTIVE,UNSECURED,Credit Card,"85,607",0,0,"91,000","92,074","Apr 1, 2022, 5:30 AM",,,"Oct 31, 2025, 5:30 AM",0,2,,,
68f4ce718c61064a6952f4e6,RBL Bank,CLOSED,UNSECURED,Loan on Credit Card,0,0,178,,"115,000","Apr 15, 2022, 5:30 AM","May 3, 2025, 5:30 AM","May 2, 2025, 5:30 AM","Aug 15, 2025, 5:30 AM",0,12,,,
68f4ce718c61064a6952f4e6,SI CREVA CAPITAL,CLOSED,UNSECURED,Personal Loan,0,0,"1,162",,"10,000","Jun 22, 2022, 5:30 AM","Aug 22, 2022, 5:30 AM","Aug 22, 2022, 5:30 AM","Aug 31, 2022, 5:30 AM",2,40,,,18
68f4ce718c61064a6952f4e6,Krazybee Services Private Limited,CLOSED,UNSECURED,Personal Loan,0,0,995,,"62,000","Jun 6, 2022, 5:30 AM","Feb 5, 2023, 5:30 AM","Feb 5, 2023, 5:30 AM","Feb 28, 2023, 5:30 AM",0,36,0,,
68f4ce718c61064a6952f4e6,Aditya Birla Capital Ltd,CLOSED,UNSECURED,Short Term Personal Loan [Unsecured],0,0,0,,"6,000","Jun 30, 2022, 5:30 AM","Mar 28, 2024, 5:30 AM",,"May 31, 2024, 5:30 AM",0,24,,,
68f4ce718c61064a6952f4e6,SBI Cards and Payment Services Private Limited,ACTIVE,UNSECURED,Credit Card,"9,999",0,13,"10,000","10,588","Jul 31, 2022, 5:30 AM",,"Oct 14, 2025, 5:30 AM","Nov 15, 2025, 5:30 AM",0,1,,,
68f4ce718c61064a6952f4e6,RBL Bank,ACTIVE,UNSECURED,Credit Card,"64,000",0,-5,"129,000","95,948","Oct 14, 2020, 5:30 AM",,"Nov 1, 2025, 5:30 AM","Nov 15, 2025, 5:30 AM",0,1,,,46
68f4ce718c61064a6952f4e6,Yes Bank,CLOSED,SECURED,Used Car Loan,0,0,112,,"477,134","Oct 28, 2022, 5:30 AM","Jul 7, 2025, 5:30 AM","Jul 7, 2025, 5:30 AM","Jul 31, 2025, 5:30 AM",36,12,,00,17
68f4ce718c61064a6952f4e6,SI CREVA CAPITAL,CLOSED,UNSECURED,Personal Loan,0,0,"1,043",,"1,060","Oct 18, 2022, 5:30 AM","Dec 19, 2022, 5:30 AM","Dec 19, 2022, 5:30 AM","Dec 31, 2022, 5:30 AM",2,36,,,24
68f4ce718c61064a6952f4e6,Mas Financial Services Ltd,CLOSED,UNSECURED,Personal Loan,0,0,"1,043",,"9,540","Oct 18, 2022, 5:30 AM","Dec 19, 2022, 5:30 AM","Dec 19, 2022, 5:30 AM","Dec 31, 2022, 5:30 AM",2,36,,,
68f4ce718c61064a6952f4e6,PIRAMAL FINANCE LIMITED,ACTIVE,UNSECURED,Business Loan - Unsecured,"176,141",0,-10,,"517,476","Nov 9, 2022, 5:30 AM",,"Nov 6, 2025, 5:30 AM","Nov 15, 2025, 5:30 AM",0,1,0,,
68f4ce718c61064a6952f4e6,SI CREVA CAPITAL,CLOSED,UNSECURED,Personal Loan,0,0,941,,636,"Jan 29, 2023, 5:30 AM","Mar 31, 2023, 5:30 AM","Mar 31, 2023, 5:30 AM","Mar 31, 2023, 5:30 AM",2,33,,,24
68f4ce718c61064a6952f4e6,Krazybee Services Private Limited,CLOSED,UNSECURED,Personal Loan,0,0,778,,"62,000","Feb 9, 2023, 5:30 AM","Sep 10, 2023, 5:30 AM","Sep 10, 2023, 5:30 AM","Sep 30, 2023, 5:30 AM",9,27,0,,
68f4ce718c61064a6952f4e6,ICICI Bank,CLOSED,UNSECURED,Consumer Loan,0,,"1,463",,"9,433","Feb 28, 2021, 5:30 AM","Oct 25, 2021, 5:30 AM","Oct 25, 2021, 5:30 AM","Nov 30, 2024, 5:30 AM",7,13,,,
68f4ce718c61064a6952f4e6,Poonawalla Fincorp Limited,CLOSED,UNSECURED,Personal Loan,0,0,941,,"12,084","Jan 29, 2023, 5:30 AM","Mar 31, 2023, 5:30 AM","Mar 31, 2023, 5:30 AM","Apr 30, 2023, 5:30 AM",0,32,,,
68f4ce718c61064a6952f4e6,SI CREVA CAPITAL,CLOSED,UNSECURED,Personal Loan,0,0,869,,"13,738","Apr 13, 2023, 5:30 AM","Jun 11, 2023, 5:30 AM","Jun 11, 2023, 5:30 AM","Jun 30, 2023, 5:30 AM",2,30,,,36
68f4ce718c61064a6952f4e6,Axis Bank,ACTIVE,UNSECURED,Credit Card,"27,533",0,-1,"158,000","158,000","May 16, 2023, 5:30 AM",,"Oct 28, 2025, 5:30 AM","Oct 31, 2025, 5:30 AM",18,2,,00,
68f4ce718c61064a6952f4e6,ICICI Bank,CLOSED,UNSECURED,Consumer Loan,0,0,297,,"44,675","Jun 30, 2023, 5:30 AM","Jan 7, 2025, 5:30 AM","Jan 3, 2025, 5:30 AM","Jan 15, 2025, 5:30 AM",18,12,,,
68f4ce718c61064a6952f4e6,CapFloat Financial Services Pvt Ltd,ACTIVE,UNSECURED,Consumer Loan,0,0,207,,"5,000","Jul 9, 2023, 5:30 AM",,"Apr 3, 2025, 5:30 AM","Nov 15, 2025, 5:30 AM",0,1,,,
68f4ce718c61064a6952f4e6,HDB Financial Services Limited,CLOSED,UNSECURED,Personal Loan,0,0,448,,"81,593","Jul 22, 2023, 5:30 AM","Aug 5, 2024, 5:30 AM","Aug 5, 2024, 5:30 AM","Aug 31, 2024, 5:30 AM",12,24,,,
68f4ce718c61064a6952f4e6,Karur Vysya Bank Ltd,ACTIVE,UNSECURED,Consumer Loan,0,0,207,,"20,000","Jul 9, 2023, 5:30 AM",,"Apr 3, 2025, 5:30 AM","Nov 15, 2025, 5:30 AM",0,1,,,
68f4ce718c61064a6952f4e6,Krazybee Services Private Limited,CLOSED,UNSECURED,Short Term Personal Loan [Unsecured],0,0,542,,"62,000","Sep 10, 2023, 5:30 AM","May 3, 2024, 5:30 AM","May 3, 2024, 5:30 AM","May 31, 2024, 5:30 AM",9,24,,,
68f4ce718c61064a6952f4e6,IDFC FIRST BANK LIMITED,CLOSED,UNSECURED,Consumer Loan,0,0,570,,"14,136","Oct 1, 2023, 5:30 AM","Apr 12, 2024, 5:30 AM","Apr 5, 2024, 5:30 AM","Apr 30, 2024, 5:30 AM",6,24,,00,
68f4ce718c61064a6952f4e6,IDFC FIRST BANK LIMITED,CLOSED,UNSECURED,Consumer Loan,0,0,570,,"17,712","Oct 1, 2023, 5:30 AM","Apr 12, 2024, 5:30 AM","Apr 5, 2024, 5:30 AM","Apr 30, 2024, 5:30 AM",6,24,,00,
68f4ce718c61064a6952f4e6,Bajaj Finance Limited,CLOSED,UNSECURED,Consumer Loan,0,0,390,,"79,900","Oct 20, 2023, 5:30 AM","Oct 7, 2024, 5:30 AM","Oct 2, 2024, 5:30 AM","Dec 15, 2024, 5:30 AM",15,12,,,
68f4ce718c61064a6952f4e6,RBL Bank,CLOSED,UNSECURED,Loan on Credit Card,0,0,56,,"90,000","Aug 26, 2023, 5:30 AM","Sep 3, 2025, 5:30 AM","Sep 1, 2025, 5:30 AM","Nov 15, 2025, 5:30 AM",24,1,,,21
68f4ce718c61064a6952f4e6,Protium Finance Limited,ACTIVE,UNSECURED,Business Loan - Unsecured,"253,432",0,-6,,"590,000","Nov 6, 2023, 5:30 AM",,"Nov 2, 2025, 5:30 AM","Nov 15, 2025, 5:30 AM",0,1,,00,
68f4ce718c61064a6952f4e6,ICICI Bank,ACTIVE,UNSECURED,Credit Card,0,0,608,"40,000","41,844","Jan 5, 2024, 5:30 AM",,"Feb 27, 2024, 5:30 AM","Jul 31, 2025, 5:30 AM",0,5,,,
68f4ce718c61064a6952f4e6,IDFC FIRST BANK LIMITED,CLOSED,UNSECURED,Consumer Loan,0,0,601,,"34,183","Jun 28, 2023, 5:30 AM","Mar 14, 2024, 5:30 AM","Mar 5, 2024, 5:30 AM","Mar 31, 2024, 5:30 AM",8,24,,00,
68f4ce718c61064a6952f4e6,Hero FinCorp Ltd,ACTIVE,UNSECURED,Personal Loan,"186,658",0,-9,,"340,000","Mar 17, 2024, 5:30 AM",,"Nov 5, 2025, 5:30 AM","Nov 15, 2025, 5:30 AM",36,1,,00,20
68f4ce718c61064a6952f4e6,PayU Finance India PVT Ltd,CLOSED,UNSECURED,Personal Loan,0,0,327,,"68,000","May 4, 2024, 5:30 AM","Dec 4, 2024, 5:30 AM","Dec 4, 2024, 5:30 AM","Dec 31, 2024, 5:30 AM",12,12,0,,
68f4ce718c61064a6952f4e6,Krazybee Services Private Limited,CLOSED,UNSECURED,Personal Loan,0,0,327,,"17,000","May 4, 2024, 5:30 AM","Dec 4, 2024, 5:30 AM","Dec 4, 2024, 5:30 AM","Dec 15, 2024, 5:30 AM",12,12,,,
68f4ce718c61064a6952f4e6,Bajaj Finance Limited,ACTIVE,UNSECURED,Personal Loan,"440,294",0,25,,"590,104","May 18, 2024, 5:30 AM",,"Oct 2, 2025, 5:30 AM","Oct 15, 2025, 5:30 AM",48,2,,,19
68f4ce718c61064a6952f4e6,Axis Bank,ACTIVE,UNSECURED,Credit Card,"130,185",0,0,"158,000","130,185","Jun 10, 2024, 5:30 AM",,,"Oct 31, 2025, 5:30 AM",0,2,,00,
68f4ce718c61064a6952f4e6,Capri Global Capital Limited,CLOSED,SECURED,Gold Loan,0,0,0,,"144,410","Sep 9, 2024, 5:30 AM","Mar 3, 2025, 5:30 AM",,"Mar 31, 2025, 5:30 AM",12,13,,00,29
68f4ce718c61064a6952f4e6,Bajaj Finance Limited,ACTIVE,UNSECURED,Consumer Loan,0,0,"1,789",,"7,103","Jan 31, 2020, 5:30 AM",,"Dec 3, 2020, 5:30 AM","Mar 31, 2021, 5:30 AM",0,57,,,
68f4ce718c61064a6952f4e6,IDFC FIRST BANK LIMITED,CLOSED,UNSECURED,Consumer Loan,0,0,83,,"22,391","Nov 22, 2024, 5:30 AM","Aug 12, 2025, 5:30 AM","Aug 5, 2025, 5:30 AM","Aug 31, 2025, 5:30 AM",8,12,,00,
68f4ce718c61064a6952f4e6,IDFC FIRST BANK LIMITED,CLOSED,UNSECURED,Consumer Loan,0,0,52,,"33,747","Nov 22, 2024, 5:30 AM","Sep 12, 2025, 5:30 AM","Sep 5, 2025, 5:30 AM","Sep 30, 2025, 5:30 AM",9,12,,00,
68f4ce718c61064a6952f4e6,Krazybee Services Private Limited,CLOSED,UNSECURED,Personal Loan,0,0,146,,"17,000","Dec 6, 2024, 5:30 AM","Jun 3, 2025, 5:30 AM","Jun 3, 2025, 5:30 AM","Jun 15, 2025, 5:30 AM",12,12,,,
68f4ce718c61064a6952f4e6,Tata Capital Ltd,CLOSED,UNSECURED,Personal Loan,0,0,144,,"68,000","Dec 6, 2024, 5:30 AM","Jun 5, 2025, 5:30 AM","Jun 5, 2025, 5:30 AM","Jun 30, 2025, 5:30 AM",12,12,,,26
68f4ce718c61064a6952f4e6,HDB Financial Services Limited,ACTIVE,UNSECURED,Consumer Loan,244,0,0,,"2,219","Feb 2, 2025, 5:30 AM",,,"Nov 19, 2025, 5:30 AM",10,1,,,
68f4ce718c61064a6952f4e6,HDB Financial Services Limited,ACTIVE,UNSECURED,Consumer Loan,"41,289",0,-8,,"63,240","Feb 2, 2025, 5:30 AM",,"Nov 4, 2025, 5:30 AM","Nov 19, 2025, 5:30 AM",25,1,,,
68f4ce718c61064a6952f4e6,R K BANSAL FINANCE PRIVATE LIMITED,CLOSED,UNSECURED,Personal Loan,0,0,0,,"16,000","Mar 12, 2025, 5:30 AM","Apr 9, 2025, 5:30 AM",,"Apr 15, 2025, 5:30 AM",0,8,,00,
68f4ce718c61064a6952f4e6,R K BANSAL FINANCE PRIVATE LIMITED,CLOSED,UNSECURED,Short Term Personal Loan [Unsecured],0,0,0,,"16,000","Apr 20, 2025, 5:30 AM","May 9, 2025, 5:30 AM",,"May 15, 2025, 5:30 AM",0,7,,00,
68f4ce718c61064a6952f4e6,Hero FinCorp Ltd,ACTIVE,UNSECURED,Personal Loan,"55,905",0,-12,,"60,839","May 13, 2025, 5:30 AM",,"Nov 8, 2025, 5:30 AM","Nov 15, 2025, 5:30 AM",48,1,,00,24
68f4ce718c61064a6952f4e6,R K BANSAL FINANCE PRIVATE LIMITED,CLOSED,UNSECURED,Short Term Personal Loan [Unsecured],0,0,0,,"16,000","May 31, 2025, 5:30 AM","Jun 9, 2025, 5:30 AM",,"Jun 15, 2025, 5:30 AM",0,6,,00,
68f4ce718c61064a6952f4e6,TAPSTART CAPITAL PVT LTD,CLOSED,UNSECURED,Personal Loan,0,0,0,,"9,000","Jun 4, 2025, 5:30 AM","Nov 5, 2025, 5:30 AM",,"Nov 15, 2025, 5:30 AM",5,1,,,30
68f4ce718c61064a6952f4e6,Sayyam Investmets Pvt Ltd,CLOSED,UNSECURED,Personal Loan,0,0,122,,"12,000","Jun 1, 2025, 5:30 AM","Jun 27, 2025, 5:30 AM","Jun 27, 2025, 5:30 AM","Jun 30, 2025, 5:30 AM",0,6,,,
68f4ce718c61064a6952f4e6,R K BANSAL FINANCE PRIVATE LIMITED,CLOSED,UNSECURED,Short Term Personal Loan [Unsecured],0,0,0,,"16,000","Jun 9, 2025, 5:30 AM","Jul 9, 2025, 5:30 AM",,"Jul 15, 2025, 5:30 AM",0,5,,00,
68f4ce718c61064a6952f4e6,Sayyam Investmets Pvt Ltd,CLOSED,UNSECURED,Short Term Personal Loan [Unsecured],0,0,94,,"35,000","Jun 28, 2025, 5:30 AM","Jul 25, 2025, 5:30 AM","Jul 25, 2025, 5:30 AM","Jul 31, 2025, 5:30 AM",0,5,,,
68f4ce718c61064a6952f4e6,PIRAMAL FINANCE LIMITED,ACTIVE,SECURED,Used Car Loan,"403,597",0,-10,,"422,542","Jul 8, 2025, 5:30 AM",,"Nov 6, 2025, 5:30 AM","Nov 15, 2025, 5:30 AM",0,1,0,,
68f4ce718c61064a6952f4e6,Krazybee Services Private Limited,CLOSED,UNSECURED,Business Loan - Unsecured,0,0,52,,"12,000","Jul 3, 2025, 5:30 AM","Sep 5, 2025, 5:30 AM","Sep 5, 2025, 5:30 AM","Sep 15, 2025, 5:30 AM",8,3,,,
68f4ce718c61064a6952f4e6,R K BANSAL FINANCE PRIVATE LIMITED,CLOSED,UNSECURED,Short Term Personal Loan [Unsecured],0,0,0,,"15,750","Jul 14, 2025, 5:30 AM","Sep 10, 2025, 5:30 AM",,"Sep 15, 2025, 5:30 AM",0,3,,00,
68f4ce718c61064a6952f4e6,Sayyam Investmets Pvt Ltd,CLOSED,UNSECURED,Short Term Personal Loan [Unsecured],0,0,66,,"49,200","Jul 27, 2025, 5:30 AM","Aug 22, 2025, 5:30 AM","Aug 22, 2025, 5:30 AM","Aug 31, 2025, 5:30 AM",0,4,,,
68f4ce718c61064a6952f4e6,Sayyam Investmets Pvt Ltd,CLOSED,UNSECURED,Short Term Personal Loan [Unsecured],0,0,7,,"55,200","Aug 23, 2025, 5:30 AM","Oct 20, 2025, 5:30 AM","Oct 20, 2025, 5:30 AM","Oct 31, 2025, 5:30 AM",0,2,,,
68f4ce718c61064a6952f4e6,FINC FRIENDS PRIVATE LIMITED,ACTIVE,UNSECURED,Personal Loan,"50,000",0,-4,,"50,000","Aug 24, 2025, 5:30 AM",,"Oct 31, 2025, 5:30 AM","Nov 15, 2025, 5:30 AM",0,1,,,40
68f4ce718c61064a6952f4e6,SOLOMON CAPITAL PRIVATE LIMITED,CLOSED,UNSECURED,Personal Loan,0,0,16,,"30,000","Sep 9, 2025, 5:30 AM","Oct 11, 2025, 5:30 AM","Oct 11, 2025, 5:30 AM","Oct 31, 2025, 5:30 AM",0,2,,,
68f4ce718c61064a6952f4e6,RBL Bank,ACTIVE,SECURED,Two-Wheeler Loan,"83,812",0,-9,,"92,774","Aug 29, 2025, 5:30 AM",,"Nov 5, 2025, 5:30 AM","Nov 15, 2025, 5:30 AM",18,1,,,20
68f4ce718c61064a6952f4e6,R K BANSAL FINANCE PRIVATE LIMITED,ACTIVE,UNSECURED,Short Term Personal Loan [Unsecured],"8,425",0,0,,"15,750","Sep 10, 2025, 5:30 AM",,,"Oct 15, 2025, 5:30 AM",0,2,,00,
68f4ce718c61064a6952f4e6,TAPSTART CAPITAL PVT LTD,ACTIVE,UNSECURED,Personal Loan,"5,758",0,0,,"7,107","Oct 5, 2025, 5:30 AM",,,"Nov 15, 2025, 5:30 AM",5,1,,,30
68f4ce718c61064a6952f4e6,Sayyam Investmets Pvt Ltd,ACTIVE,UNSECURED,Short Term Personal Loan [Unsecured],"67,113",0,0,,"55,200","Oct 22, 2025, 5:30 AM",,,"Oct 31, 2025, 5:30 AM",0,2,,,
68f4ce718c61064a6952f4e6,SOLOMON CAPITAL PRIVATE LIMITED,ACTIVE,UNSECURED,Personal Loan,"35,640",0,0,,"33,000","Nov 9, 2025, 5:30 AM",,,"Nov 15, 2025, 5:30 AM",0,1,,,
69270800ec6fe446eb97b39c,Axis Bank,CLOSED,UNSECURED,Personal Loan,0,0,382,,"70,000","Feb 29, 2020, 5:30 AM","Oct 10, 2024, 5:30 AM","Oct 10, 2024, 5:30 AM","Oct 31, 2024, 5:30 AM",56,14,,,
69270800ec6fe446eb97b39c,Bajaj Finance Limited,CLOSED,UNSECURED,Consumer Loan,0,0,"1,060",,"19,990","Jul 4, 2022, 5:30 AM","Jan 5, 2023, 5:30 AM","Dec 2, 2022, 5:30 AM","Feb 28, 2023, 5:30 AM",8,36,,,
69270800ec6fe446eb97b39c,Bajaj Finance Limited,CLOSED,UNSECURED,Consumer Loan,0,0,725,,"16,999","Jun 7, 2023, 5:30 AM","Dec 7, 2023, 5:30 AM","Nov 2, 2023, 5:30 AM","Jan 31, 2024, 5:30 AM",8,24,,,
69270800ec6fe446eb97b39c,DBS Bank Ltd,CLOSED,UNSECURED,Credit Card,"33,777",0,213,"35,000",0,"Jun 11, 2023, 5:30 AM","Feb 4, 2025, 5:30 AM","Mar 28, 2025, 5:30 AM","Sep 30, 2025, 5:30 AM",0,12,"13,000",,
69270800ec6fe446eb97b39c,Bajaj Finance Limited,ACTIVE,UNSECURED,Personal Loan,"103,672",0,27,,"165,069","Jan 9, 2024, 5:30 AM",,"Sep 30, 2025, 5:30 AM","Sep 30, 2025, 5:30 AM",39,12,,,36
69270800ec6fe446eb97b39c,SBI Cards and Payment Services Private Limited,CLOSED,UNSECURED,Credit Card,0,0,269,0,"110,938","Mar 17, 2024, 5:30 AM","Feb 1, 2025, 5:30 AM","Jan 31, 2025, 5:30 AM","Mar 2, 2025, 5:30 AM",0,12,"33,000",,
69270800ec6fe446eb97b39c,Bajaj Finance Limited,CLOSED,UNSECURED,Consumer Loan,0,0,0,,"2,137","Jun 7, 2023, 5:30 AM","Dec 3, 2023, 5:30 AM",,"Dec 31, 2023, 5:30 AM",6,24,,,
69270800ec6fe446eb97b39c,Development Credit Bank Limited,ACTIVE,SECURED,Gold Loan,"36,047",0,0,,"36,047","Oct 17, 2025, 5:30 AM",,,"Nov 15, 2025, 5:30 AM",0,1,,,
69270800ec6fe446eb97b39c,India Infoline Investment Services Limited,ACTIVE,SECURED,Gold Loan,"9,012",0,0,,"9,012","Oct 17, 2025, 5:30 AM",,,"Nov 15, 2025, 5:30 AM",12,1,,,
69270eb0ec6fe446eb97ba10,Home Credit India Finance Pvt. Ltd,CLOSED,UNSECURED,Consumer Loan,0,0,"1,638",,"8,299","Nov 19, 2020, 5:30 AM","Jul 20, 2021, 5:30 AM","Jul 19, 2021, 5:30 AM","Jul 31, 2021, 5:30 AM",0,63,,,
69270eb0ec6fe446eb97ba10,Aditya Birla Capital Ltd,CLOSED,UNSECURED,Short Term Personal Loan [Unsecured],0,0,0,,500,"Sep 7, 2021, 5:30 AM","Jan 24, 2023, 5:30 AM",,"May 31, 2024, 5:30 AM",0,27,,,
69270eb0ec6fe446eb97ba10,TVS Credit Services Limited,CLOSED,UNSECURED,Consumer Loan,0,0,"1,195",,"16,090","Apr 9, 2022, 5:30 AM","Oct 5, 2022, 5:30 AM","Oct 5, 2022, 5:30 AM","Dec 31, 2022, 5:30 AM",8,39,,00,
69270eb0ec6fe446eb97ba10,TVS Credit Services Limited,CLOSED,UNSECURED,Consumer Loan,0,0,831,,"27,199","Jan 26, 2023, 5:30 AM","Oct 4, 2023, 5:30 AM","Oct 4, 2023, 5:30 AM","Dec 31, 2023, 5:30 AM",12,27,,00,
69270eb0ec6fe446eb97ba10,Bajaj Finance Limited,CLOSED,UNSECURED,Consumer Loan,0,0,710,,"12,500","Aug 31, 2023, 5:30 AM","Mar 11, 2024, 5:30 AM","Feb 2, 2024, 5:30 AM","Apr 30, 2024, 5:30 AM",9,27,,,
69270eb0ec6fe446eb97ba10,HDFC Bank Ltd,ACTIVE,UNSECURED,Consumer Loan,635,0,37,,"6,359","Jan 25, 2024, 5:30 AM",,"Dec 6, 2025, 5:30 AM","Jan 22, 2026, 5:30 AM",0,3,,,
69270eb0ec6fe446eb97ba10,HDFC Bank Ltd,ACTIVE,UNSECURED,Consumer Loan,"3,848",0,37,,"41,319","Jan 25, 2024, 5:30 AM",,"Dec 6, 2025, 5:30 AM","Jan 22, 2026, 5:30 AM",0,3,,,
69270eb0ec6fe446eb97ba10,Krazybee Services Private Limited,CLOSED,UNSECURED,Short Term Personal Loan [Unsecured],0,0,343,,"2,200","Jan 3, 2025, 5:30 AM","Feb 3, 2025, 5:30 AM","Feb 3, 2025, 5:30 AM","Feb 15, 2025, 5:30 AM",7,13,,,
69270eb0ec6fe446eb97ba10,PayU Finance India PVT Ltd,CLOSED,UNSECURED,Short Term Personal Loan [Unsecured],0,0,343,,"8,800","Jan 3, 2025, 5:30 AM","Feb 3, 2025, 5:30 AM","Feb 3, 2025, 5:30 AM","Feb 15, 2025, 5:30 AM",7,13,0,,
69270eb0ec6fe446eb97ba10,Krazybee Services Private Limited,CLOSED,UNSECURED,Short Term Personal Loan [Unsecured],0,0,161,,"18,000","Feb 3, 2025, 5:30 AM","Aug 4, 2025, 5:30 AM","Aug 4, 2025, 5:30 AM","Aug 15, 2025, 5:30 AM",7,7,,,
69270eb0ec6fe446eb97ba10,Bajaj Finance Limited,CLOSED,UNSECURED,Consumer Loan,0,0,720,,"1,454","Aug 31, 2023, 5:30 AM","Mar 6, 2024, 5:30 AM","Jan 23, 2024, 5:30 AM","Mar 31, 2024, 5:30 AM",6,27,,,
69270eb0ec6fe446eb97ba10,Bajaj Finance Limited,ACTIVE,UNSECURED,Personal Loan,"53,348","3,010",41,,"66,304","Mar 5, 2025, 5:30 AM",,"Nov 19, 2025, 5:30 AM","Jan 15, 2026, 5:30 AM",33,3,,,31
69270eb0ec6fe446eb97ba10,Home Credit India Finance Pvt. Ltd,CLOSED,UNSECURED,Consumer Loan,0,0,109,,"9,999","Mar 24, 2025, 5:30 AM","Sep 25, 2025, 5:30 AM","Sep 25, 2025, 5:30 AM","Oct 15, 2025, 5:30 AM",0,5,,,
69270eb0ec6fe446eb97ba10,Northern Arc Capital Limited,CLOSED,UNSECURED,Short Term Personal Loan [Unsecured],0,0,195,,"5,000","Apr 14, 2025, 5:30 AM","Jul 1, 2025, 5:30 AM","Jul 1, 2025, 5:30 AM","Jul 31, 2025, 5:30 AM",3,8,,00,36
69270eb0ec6fe446eb97ba10,WHIZDM FINANCE PRIVATE LIMITED,CLOSED,UNSECURED,Short Term Personal Loan [Unsecured],0,0,105,,"5,000","Jul 13, 2025, 5:30 AM","Sep 29, 2025, 5:30 AM","Sep 29, 2025, 5:30 AM","Sep 30, 2025, 5:30 AM",3,6,,,33
69270eb0ec6fe446eb97ba10,Krazybee Services Private Limited,ACTIVE,UNSECURED,Short Term Personal Loan [Unsecured],"9,685","2,578",38,,"18,500","Aug 4, 2025, 5:30 AM",,"Nov 19, 2025, 5:30 AM","Jan 15, 2026, 5:30 AM",8,3,,,
69270eb0ec6fe446eb97ba10,TAPSTART CAPITAL PVT LTD,CLOSED,UNSECURED,Personal Loan,0,0,0,,"5,000","Sep 29, 2025, 5:30 AM","Nov 19, 2025, 5:30 AM",,"Nov 30, 2025, 5:30 AM",4,4,,,30
69270eb0ec6fe446eb97ba10,PayU Finance India PVT Ltd,ACTIVE,UNSECURED,Personal Loan,"21,600","3,910",40,,"25,000","Nov 8, 2025, 5:30 AM",,"Dec 8, 2025, 5:30 AM","Jan 15, 2026, 5:30 AM",0,3,,,
6928562ae43c2e1b12fe70a2,Bajaj Finance Limited,CLOSED,UNSECURED,Consumer Loan,0,0,"1,455",,"39,990","Jul 31, 2021, 5:30 AM","Mar 15, 2022, 5:30 AM","Feb 2, 2022, 5:30 AM","Apr 30, 2022, 5:30 AM",0,51,,,
6928562ae43c2e1b12fe70a2,Bandhan Bank,CLOSED,SECURED,Housing Loan,0,0,447,,"17,234","Aug 27, 2021, 5:30 AM","Nov 11, 2024, 5:30 AM","Nov 6, 2024, 5:30 AM","Nov 30, 2024, 5:30 AM",36,16,,00,13
6928562ae43c2e1b12fe70a2,Bandhan Bank,ACTIVE,SECURED,Housing Loan,"710,766",0,-9,,"1,000,000","Aug 23, 2021, 5:30 AM",,"Feb 5, 2026, 5:30 AM","Feb 15, 2026, 5:30 AM",248,3,,00,10
6928562ae43c2e1b12fe70a2,Bajaj Finance Limited,CLOSED,UNSECURED,Personal Loan,0,0,"1,414",,"50,000","Dec 9, 2021, 5:30 AM","Mar 15, 2022, 5:30 AM","Mar 15, 2022, 5:30 AM","Apr 30, 2022, 5:30 AM",0,51,,,
6928562ae43c2e1b12fe70a2,Krazybee Services Private Limited,CLOSED,UNSECURED,Personal Loan,0,0,906,,"11,000","Mar 7, 2023, 5:30 AM","Aug 5, 2023, 5:30 AM","Aug 5, 2023, 5:30 AM","Aug 31, 2023, 5:30 AM",5,31,0,,
6928562ae43c2e1b12fe70a2,Bajaj Finance Limited,ACTIVE,UNSECURED,Personal Loan,"13,833",0,-18,,"100,000","Dec 30, 2022, 5:30 AM",,"Feb 14, 2026, 5:30 AM","Feb 15, 2026, 5:30 AM",46,3,,,29
6928562ae43c2e1b12fe70a2,Northern Arc Capital Limited,CLOSED,UNSECURED,Short Term Personal Loan [Unsecured],0,0,540,,"16,800","Mar 22, 2024, 5:30 AM","Aug 5, 2024, 5:30 AM","Aug 5, 2024, 5:30 AM","Aug 31, 2024, 5:30 AM",5,19,,,18
6928562ae43c2e1b12fe70a2,Krazybee Services Private Limited,CLOSED,UNSECURED,Short Term Personal Loan [Unsecured],0,0,540,,"4,200","Mar 22, 2024, 5:30 AM","Aug 5, 2024, 5:30 AM","Aug 5, 2024, 5:30 AM","Aug 31, 2024, 5:30 AM",5,19,,,
6928562ae43c2e1b12fe70a2,Upmove Capital Pvt Ltd,CLOSED,UNSECURED,Personal Loan,0,,433,,"9,000","Aug 27, 2024, 5:30 AM","Nov 20, 2024, 5:30 AM","Nov 20, 2024, 5:30 AM","Nov 30, 2024, 5:30 AM",0,16,,,
6928562ae43c2e1b12fe70a2,PayU Finance India PVT Ltd,CLOSED,UNSECURED,Short Term Personal Loan [Unsecured],0,0,391,,"14,400","Aug 5, 2024, 5:30 AM","Jan 1, 2025, 5:30 AM","Jan 1, 2025, 5:30 AM","Jan 15, 2025, 5:30 AM",5,15,0,,
6928562ae43c2e1b12fe70a2,Krazybee Services Private Limited,CLOSED,UNSECURED,Short Term Personal Loan [Unsecured],0,0,391,,"3,600","Aug 5, 2024, 5:30 AM","Jan 1, 2025, 5:30 AM","Jan 1, 2025, 5:30 AM","Jan 15, 2025, 5:30 AM",5,15,,,
6928562ae43c2e1b12fe70a2,WHIZDM FINANCE PRIVATE LIMITED,CLOSED,UNSECURED,Short Term Personal Loan [Unsecured],0,0,358,,"10,000","Aug 16, 2024, 5:30 AM","Feb 3, 2025, 5:30 AM","Feb 3, 2025, 5:30 AM","Aug 31, 2025, 5:30 AM",6,15,,,39
6928562ae43c2e1b12fe70a2,Mpokket Financial Services Pvt Ltd,CLOSED,UNSECURED,Short Term Personal Loan [Unsecured],0,0,490,,"1,000","Sep 19, 2024, 5:30 AM","Sep 24, 2024, 5:30 AM","Sep 24, 2024, 5:30 AM","Sep 30, 2024, 5:30 AM",6,18,,,
6928562ae43c2e1b12fe70a2,Mpokket Financial Services Pvt Ltd,CLOSED,UNSECURED,Short Term Personal Loan [Unsecured],0,0,440,,"3,000","Sep 25, 2024, 5:30 AM","Nov 13, 2024, 5:30 AM","Nov 13, 2024, 5:30 AM","Nov 30, 2024, 5:30 AM",3,16,,,
6928562ae43c2e1b12fe70a2,Bajaj Finance Limited,CLOSED,UNSECURED,Consumer Loan,0,0,209,,"17,999","Nov 12, 2024, 5:30 AM","Jul 2, 2025, 5:30 AM","Jul 2, 2025, 5:30 AM","Sep 15, 2025, 5:30 AM",8,15,,,
6928562ae43c2e1b12fe70a2,Mpokket Financial Services Pvt Ltd,CLOSED,UNSECURED,Short Term Personal Loan [Unsecured],0,0,266,,"4,000","Nov 18, 2024, 5:30 AM","May 6, 2025, 5:30 AM","May 6, 2025, 5:30 AM","May 7, 2025, 5:30 AM",6,15,,,
6928562ae43c2e1b12fe70a2,Northern Arc Capital Limited,CLOSED,UNSECURED,Short Term Personal Loan [Unsecured],0,0,306,,"18,000","Nov 30, 2024, 5:30 AM","Mar 27, 2025, 5:30 AM","Mar 27, 2025, 5:30 AM","Mar 31, 2025, 5:30 AM",4,15,0,,36
6928562ae43c2e1b12fe70a2,Krazybee Services Private Limited,CLOSED,OTHERS,Business Loan – Priority Sector – Small Business,0,0,174,,"26,000","Jan 14, 2025, 5:30 AM","Aug 6, 2025, 5:30 AM","Aug 6, 2025, 5:30 AM","Aug 15, 2025, 5:30 AM",7,7,,,
6928562ae43c2e1b12fe70a2,Northern Arc Capital Limited,CLOSED,UNSECURED,Short Term Personal Loan [Unsecured],0,0,71,,"50,000","Apr 27, 2025, 5:30 AM","Nov 17, 2025, 5:30 AM","Nov 17, 2025, 5:30 AM","Nov 30, 2025, 5:30 AM",8,4,,00,28
6928562ae43c2e1b12fe70a2,Mpokket Financial Services Pvt Ltd,CLOSED,UNSECURED,Short Term Personal Loan [Unsecured],0,0,61,,"5,000","Jul 3, 2025, 5:30 AM","Nov 27, 2025, 5:30 AM","Nov 27, 2025, 5:30 AM","Nov 30, 2025, 5:30 AM",9,4,,,
6928562ae43c2e1b12fe70a2,Krazybee Services Private Limited,CLOSED,OTHERS,Business Loan – Priority Sector – Small Business,0,0,-17,,"38,000","Aug 12, 2025, 5:30 AM","Feb 13, 2026, 5:30 AM","Feb 13, 2026, 5:30 AM","Feb 15, 2026, 5:30 AM",9,3,,,
6928562ae43c2e1b12fe70a2,SI CREVA CAPITAL,CLOSED,UNSECURED,Personal Loan,0,0,42,,"33,400","Aug 13, 2025, 5:30 AM","Dec 16, 2025, 5:30 AM","Dec 16, 2025, 5:30 AM","Dec 31, 2025, 5:30 AM",0,3,,,
6928562ae43c2e1b12fe70a2,Mas Financial Services Ltd,ACTIVE,UNSECURED,Personal Loan,"10,499",0,4,,"13,500","Oct 26, 2025, 5:30 AM",,"Jan 23, 2026, 5:30 AM","Feb 15, 2026, 5:30 AM",0,3,,,
6928562ae43c2e1b12fe70a2,SI CREVA CAPITAL,ACTIVE,UNSECURED,Personal Loan,"1,167",0,4,,"1,500","Oct 26, 2025, 5:30 AM",,"Jan 23, 2026, 5:30 AM","Feb 15, 2026, 5:30 AM",0,3,,,
6928562ae43c2e1b12fe70a2,FINC FRIENDS PRIVATE LIMITED,CLOSED,UNSECURED,Personal Loan,0,0,22,,"7,000","Nov 12, 2025, 5:30 AM","Jan 5, 2026, 5:30 AM","Jan 5, 2026, 5:30 AM","Jan 15, 2026, 5:30 AM",0,3,,,
69288123e43c2e1b12fea30c,Bajaj Finance Limited,CLOSED,UNSECURED,Consumer Loan,0,0,"2,035",,"16,990","Apr 19, 2019, 5:30 AM","Aug 14, 2020, 5:30 AM","Apr 2, 2020, 5:30 AM","Mar 31, 2021, 5:30 AM",0,60,,,
69288123e43c2e1b12fea30c,Bajaj Finance Limited,CLOSED,UNSECURED,Personal Loan,0,0,"1,564",,"93,000","Sep 30, 2019, 5:30 AM","Jul 17, 2021, 5:30 AM","Jul 17, 2021, 5:30 AM","Aug 31, 2021, 5:30 AM",0,60,,,
69288123e43c2e1b12fea30c,State Bank of India,CLOSED,OTHERS,Business Loan – Priority Sector – Small Business,0,,"1,359",,"10,000","Feb 27, 2021, 5:30 AM","Feb 8, 2022, 5:30 AM","Feb 7, 2022, 5:30 AM","Feb 28, 2022, 5:30 AM",12,48,0,,10
69288123e43c2e1b12fea30c,Bajaj Finance Limited,CLOSED,UNSECURED,Consumer Loan,0,0,"1,336",,"14,699","Jun 28, 2021, 5:30 AM","Apr 11, 2022, 5:30 AM","Mar 2, 2022, 5:30 AM","May 31, 2022, 5:30 AM",0,48,,,
69288123e43c2e1b12fea30c,Bajaj Finance Limited,CLOSED,UNSECURED,Personal Loan,0,0,796,,"220,264","Jul 17, 2021, 5:30 AM","Aug 24, 2023, 5:30 AM","Aug 24, 2023, 5:30 AM","Sep 30, 2023, 5:30 AM",0,36,,,
69288123e43c2e1b12fea30c,RBL Bank,CLOSED,UNSECURED,Credit Card,0,0,430,0,"41,599","Jul 17, 2021, 5:30 AM","Oct 16, 2024, 5:30 AM","Aug 24, 2024, 5:30 AM","Nov 12, 2024, 5:30 AM",0,13,,,
69288123e43c2e1b12fea30c,Bajaj Finance Limited,CLOSED,UNSECURED,Consumer Loan,0,0,"1,336",,"55,999","Oct 4, 2021, 5:30 AM","Apr 8, 2022, 5:30 AM","Mar 2, 2022, 5:30 AM","May 31, 2022, 5:30 AM",0,48,,,
69288123e43c2e1b12fea30c,State Bank of India,ACTIVE,OTHERS,Business Loan – Priority Sector – Small Business,"5,298",,0,,"20,000","Mar 17, 2022, 5:30 AM",,,"Nov 30, 2022, 5:30 AM",12,37,0,,10
69288123e43c2e1b12fea30c,Bajaj Finance Limited,CLOSED,UNSECURED,Consumer Loan,0,0,818,,"89,999","Oct 3, 2022, 5:30 AM","Aug 5, 2023, 5:30 AM","Aug 2, 2023, 5:30 AM","Sep 30, 2023, 5:30 AM",15,36,,,
69288123e43c2e1b12fea30c,Aditya Birla Capital Ltd,CLOSED,UNSECURED,Personal Loan,0,0,0,,"80,000","May 16, 2023, 5:30 AM","Aug 23, 2023, 5:30 AM",,"Dec 15, 2024, 5:30 AM",0,12,,,
69288123e43c2e1b12fea30c,PIRAMAL FINANCE LIMITED,CLOSED,UNSECURED,Personal Loan,0,0,111,,"250,000","Aug 23, 2023, 5:30 AM","Jul 9, 2025, 5:30 AM","Jul 9, 2025, 5:30 AM","Jul 31, 2025, 5:30 AM",0,12,0,,
69288123e43c2e1b12fea30c,Bajaj Finance Limited,CLOSED,UNSECURED,Consumer Loan,0,0,605,,"14,990","Oct 26, 2023, 5:30 AM","Apr 26, 2024, 5:30 AM","Mar 2, 2024, 5:30 AM","May 31, 2024, 5:30 AM",9,24,,,
69288123e43c2e1b12fea30c,Bajaj Finance Limited,ACTIVE,UNSECURED,Personal Loan,"155,511",0,26,,"323,259","Oct 26, 2023, 5:30 AM",,"Oct 2, 2025, 5:30 AM","Oct 15, 2025, 5:30 AM",38,2,,,27
69288123e43c2e1b12fea30c,Bajaj Finance Limited,CLOSED,UNSECURED,Consumer Loan,0,0,605,,"2,399","Oct 26, 2023, 5:30 AM","Apr 7, 2024, 5:30 AM","Mar 2, 2024, 5:30 AM","May 31, 2024, 5:30 AM",0,19,,,
69288123e43c2e1b12fea30c,State Bank of India,ACTIVE,UNSECURED,Mudra Loans – Shishu / Kishor / Tarun,"1,252",,0,,"50,000","Apr 28, 2023, 5:30 AM",,,"Nov 15, 2025, 5:30 AM",36,1,0,,11
69288123e43c2e1b12fea30c,Poonawalla Fincorp Limited,CLOSED,UNSECURED,Personal Loan,0,0,203,,"90,000","Apr 2, 2024, 5:30 AM","Apr 8, 2025, 5:30 AM","Apr 8, 2025, 5:30 AM","Jun 30, 2025, 5:30 AM",0,12,,,
69288123e43c2e1b12fea30c,True Credits Private Limited,CLOSED,UNSECURED,Personal Loan,0,0,517,,"2,430","May 16, 2024, 5:30 AM","May 29, 2024, 5:30 AM","May 29, 2024, 5:30 AM","May 31, 2024, 5:30 AM",3,19,,00,58
69288123e43c2e1b12fea30c,PayU Finance India PVT Ltd,CLOSED,UNSECURED,Short Term Personal Loan [Unsecured],0,0,385,,"16,800","May 16, 2024, 5:30 AM","Oct 8, 2024, 5:30 AM","Oct 8, 2024, 5:30 AM","Oct 31, 2024, 5:30 AM",6,14,0,,
69288123e43c2e1b12fea30c,Krazybee Services Private Limited,CLOSED,UNSECURED,Short Term Personal Loan [Unsecured],0,0,385,,"4,200","May 16, 2024, 5:30 AM","Oct 8, 2024, 5:30 AM","Oct 8, 2024, 5:30 AM","Oct 31, 2024, 5:30 AM",6,14,,,
69288123e43c2e1b12fea30c,GROW MONEY CAPITAL PRIVATE LIMITED,CLOSED,UNSECURED,Personal Loan,0,,355,,"24,614","Jun 16, 2024, 5:30 AM","Nov 7, 2024, 5:30 AM","Nov 7, 2024, 5:30 AM","Nov 30, 2024, 5:30 AM",6,13,,00,51
69288123e43c2e1b12fea30c,RBL Bank,ACTIVE,UNSECURED,Credit Card,"10,816",0,0,"40,000","41,599","Jul 17, 2021, 5:30 AM",,"Oct 28, 2025, 5:30 AM","Nov 15, 2025, 5:30 AM",0,1,,,46
69288123e43c2e1b12fea30c,Innofin Solutions Pvt Ltd,CLOSED,UNSECURED,Personal Loan,0,0,355,,"15,000","Oct 7, 2024, 5:30 AM","Nov 7, 2024, 5:30 AM","Nov 7, 2024, 5:30 AM","Dec 15, 2024, 5:30 AM",0,12,,,
69288123e43c2e1b12fea30c,Krazybee Services Private Limited,CLOSED,UNSECURED,Short Term Personal Loan [Unsecured],0,0,355,,"4,200","Oct 8, 2024, 5:30 AM","Nov 7, 2024, 5:30 AM","Nov 7, 2024, 5:30 AM","Nov 30, 2024, 5:30 AM",6,13,,,
69288123e43c2e1b12fea30c,Kisetsu Saison Finance (India) Private Limited,CLOSED,UNSECURED,Personal Loan,0,0,0,,"16,800","Oct 8, 2024, 5:30 AM","Nov 11, 2024, 5:30 AM",,"Dec 31, 2024, 5:30 AM",2,12,,,26
69288123e43c2e1b12fea30c,True Credits Private Limited,CLOSED,UNSECURED,Personal Loan,0,0,196,,"48,888","Jan 8, 2025, 5:30 AM","Apr 15, 2025, 5:30 AM","Apr 15, 2025, 5:30 AM","Apr 15, 2025, 5:30 AM",6,8,,00,36
69288123e43c2e1b12fea30c,True Credits Private Limited,CLOSED,UNSECURED,Personal Loan,0,0,113,,"37,414","Apr 17, 2025, 5:30 AM","Jul 7, 2025, 5:30 AM","Jul 7, 2025, 5:30 AM","Jul 31, 2025, 5:30 AM",6,5,,00,40
69288123e43c2e1b12fea30c,SMFG India Credit Company Limited,CLOSED,UNSECURED,Personal Loan,0,0,104,,"120,000","Apr 14, 2025, 5:30 AM","Jul 6, 2025, 5:30 AM","Jul 16, 2025, 5:30 AM","Sep 30, 2025, 5:30 AM",0,3,,,
69288123e43c2e1b12fea30c,SI CREVA CAPITAL,ACTIVE,UNSECURED,Personal Loan,"84,782",0,-4,,"120,000","Jul 9, 2025, 5:30 AM",,"Nov 1, 2025, 5:30 AM","Nov 15, 2025, 5:30 AM",0,1,,,
69288123e43c2e1b12fea30c,Poonawalla Fincorp Limited,ACTIVE,UNSECURED,Personal Loan,"169,738",0,23,,"180,000","Jul 6, 2025, 5:30 AM",,"Oct 5, 2025, 5:30 AM","Oct 31, 2025, 5:30 AM",0,2,,,
69288123e43c2e1b12fea30c,EarlySalary Services Pvt Ltd,ACTIVE,UNSECURED,Personal Loan,"58,065",0,-8,,"74,000","Jul 22, 2025, 5:30 AM",,"Nov 5, 2025, 5:30 AM","Nov 23, 2025, 5:30 AM",0,1,,,
69288123e43c2e1b12fea30c,Northern Arc Capital Limited,ACTIVE,UNSECURED,Personal Loan,"93,464",0,25,,"107,762","Jul 24, 2025, 5:30 AM",,"Oct 3, 2025, 5:30 AM","Oct 31, 2025, 5:30 AM",12,2,,00,36
69288123e43c2e1b12fea30c,VIVRITI CAPITAL LIMITED,ACTIVE,UNSECURED,Consumer Loan,"61,425",0,0,,"70,000","Aug 21, 2025, 5:30 AM",,,"Nov 15, 2025, 5:30 AM",0,1,,,
69288123e43c2e1b12fea30c,Akara Capital Advisors Private Limited,ACTIVE,UNSECURED,Personal Loan,"130,525",0,-4,,"130,525","Oct 25, 2025, 5:30 AM",,"Nov 1, 2025, 5:30 AM","Oct 31, 2025, 5:30 AM",0,2,,00,
6929534a3d988a0d62d0f9e3,HDFC Bank Ltd,CLOSED,SECURED,Two-Wheeler Loan,0,,"4,194",,"49,800","May 17, 2012, 5:30 AM","May 6, 2014, 5:30 AM","May 6, 2014, 5:30 AM","May 31, 2014, 5:30 AM",-1,144,,,
6929534a3d988a0d62d0f9e3,IDFC FIRST BANK LIMITED,CLOSED,UNSECURED,Consumer Loan,0,0,"2,611",,"32,000","Oct 22, 2017, 5:30 AM","Sep 12, 2018, 5:30 AM","Sep 5, 2018, 5:30 AM","Sep 30, 2018, 5:30 AM",10,96,,00,
6929534a3d988a0d62d0f9e3,Bajaj Finance Limited,CLOSED,UNSECURED,Consumer Loan,0,0,"2,614",,"16,990","Mar 31, 2018, 5:30 AM","Oct 14, 2018, 5:30 AM","Sep 2, 2018, 5:30 AM","Mar 31, 2021, 5:30 AM",0,57,,,
6929534a3d988a0d62d0f9e3,IDFC FIRST BANK LIMITED,CLOSED,UNSECURED,Personal Loan,0,0,"2,144",,"135,553","Oct 25, 2018, 5:30 AM","Dec 26, 2019, 5:30 AM","Dec 16, 2019, 5:30 AM","Dec 31, 2019, 5:30 AM",36,72,,00,
6929534a3d988a0d62d0f9e3,Bank of India Limited,CLOSED,SECURED,Gold Loan,0,0,"1,776",,"100,000","Aug 31, 2019, 5:30 AM","Dec 18, 2020, 5:30 AM","Dec 18, 2020, 5:30 AM","Dec 31, 2020, 5:30 AM",1,60,,00,8
6929534a3d988a0d62d0f9e3,HDFC Bank Ltd,ACTIVE,UNSECURED,Credit Card,0,,-10,"24,000","26,053","Sep 18, 2019, 5:30 AM",,"Nov 8, 2025, 5:30 AM","Nov 15, 2025, 5:30 AM",0,1,,,
6929534a3d988a0d62d0f9e3,Axis Bank,CLOSED,SECURED,Auto Loan,0,0,"1,419",,"691,725","Aug 31, 2019, 5:30 AM","Dec 20, 2021, 5:30 AM","Dec 10, 2021, 5:30 AM","Dec 31, 2021, 5:30 AM",60,48,,,
6929534a3d988a0d62d0f9e3,HDFC Bank Ltd,CLOSED,UNSECURED,Personal Loan,0,0,951,,"148,000","Nov 28, 2019, 5:30 AM","Mar 23, 2023, 5:30 AM","Mar 23, 2023, 5:30 AM","Mar 31, 2023, 5:30 AM",0,36,,,
6929534a3d988a0d62d0f9e3,CapFloat Financial Services Pvt Ltd,ACTIVE,UNSECURED,Consumer Loan,30,0,-7,,"10,000","Jun 20, 2020, 5:30 AM",,"Nov 5, 2025, 5:30 AM","Nov 15, 2025, 5:30 AM",0,1,,,
6929534a3d988a0d62d0f9e3,Federal Bank,CLOSED,SECURED,Gold Loan,0,0,"1,457",,"194,827","Mar 30, 2021, 5:30 AM","Nov 2, 2021, 5:30 AM","Nov 2, 2021, 5:30 AM","Nov 30, 2021, 5:30 AM",6,49,,00,19
6929534a3d988a0d62d0f9e3,Rupeek Capital Pvt Ltd,CLOSED,UNSECURED,Personal Loan,0,0,"1,457",,"5,173","Mar 27, 2021, 5:30 AM","Nov 2, 2021, 5:30 AM","Nov 2, 2021, 5:30 AM","May 15, 2023, 5:30 AM",0,48,,,
6929534a3d988a0d62d0f9e3,IDFC FIRST BANK LIMITED,CLOSED,UNSECURED,Personal Loan,0,0,957,,"180,372","Jun 28, 2021, 5:30 AM","Mar 24, 2023, 5:30 AM","Mar 17, 2023, 5:30 AM","Mar 31, 2023, 5:30 AM",36,36,,00,
6929534a3d988a0d62d0f9e3,Federal Bank,CLOSED,SECURED,Gold Loan,0,0,"1,411",,"80,000","Oct 21, 2021, 5:30 AM","Dec 18, 2021, 5:30 AM","Dec 18, 2021, 5:30 AM","Dec 31, 2021, 5:30 AM",6,48,,00,19
6929534a3d988a0d62d0f9e3,SLICE SMALL FINANCE BANK LIMITED,ACTIVE,UNSECURED,Personal Loan,0,0,24,,"9,800","Sep 19, 2021, 5:30 AM",,"Oct 5, 2025, 5:30 AM","Oct 31, 2025, 5:30 AM",0,2,,,
6929534a3d988a0d62d0f9e3,Rupeek Capital Pvt Ltd,CLOSED,UNSECURED,Personal Loan,0,0,"1,412",,"26,128","Nov 2, 2021, 5:30 AM","Dec 17, 2021, 5:30 AM","Dec 17, 2021, 5:30 AM","May 15, 2023, 5:30 AM",0,31,,,
6929534a3d988a0d62d0f9e3,Federal Bank,CLOSED,SECURED,Gold Loan,0,0,"1,411",,"171,958","Nov 2, 2021, 5:30 AM","Dec 18, 2021, 5:30 AM","Dec 18, 2021, 5:30 AM","Dec 31, 2021, 5:30 AM",6,48,,00,19
6929534a3d988a0d62d0f9e3,Axis Bank,CLOSED,SECURED,Used Car Loan,0,0,964,,"1,041,500","Dec 17, 2021, 5:30 AM","Mar 21, 2023, 5:30 AM","Mar 10, 2023, 5:30 AM","May 31, 2023, 5:30 AM",60,36,,,
6929534a3d988a0d62d0f9e3,Karur Vysya Bank Ltd,ACTIVE,UNSECURED,Consumer Loan,118,0,-7,,"40,000","Jun 20, 2020, 5:30 AM",,"Nov 5, 2025, 5:30 AM","Nov 15, 2025, 5:30 AM",0,1,,,
6929534a3d988a0d62d0f9e3,CapFloat Financial Services Pvt Ltd,ACTIVE,UNSECURED,Consumer Loan,0,0,"1,273",,"15,000","Nov 17, 2021, 5:30 AM",,"May 5, 2022, 5:30 AM","Nov 15, 2025, 5:30 AM",0,1,,,
6929534a3d988a0d62d0f9e3,HINDON MERCANTILE LIMITED,CLOSED,UNSECURED,Personal Loan,0,0,"1,362",,"16,000","Nov 8, 2021, 5:30 AM","Feb 5, 2022, 5:30 AM","Feb 5, 2022, 5:30 AM","May 31, 2022, 5:30 AM",0,48,,,
6929534a3d988a0d62d0f9e3,Innofin Solutions Pvt Ltd,CLOSED,UNSECURED,Personal Loan,0,0,971,,"16,000","Nov 5, 2022, 5:30 AM","Mar 3, 2023, 5:30 AM","Mar 3, 2023, 5:30 AM","Dec 13, 2024, 5:30 AM",0,12,,,
6929534a3d988a0d62d0f9e3,Aditya Birla Capital Ltd,CLOSED,UNSECURED,Short Term Personal Loan [Unsecured],0,0,753,,"40,000","Dec 4, 2022, 5:30 AM","Mar 27, 2024, 5:30 AM","Oct 7, 2023, 5:30 AM","May 31, 2024, 5:30 AM",0,24,,,
6929534a3d988a0d62d0f9e3,Tata Capital Ltd,ACTIVE,UNSECURED,Personal Loan,"209,317",0,-7,,"554,349","Feb 13, 2023, 5:30 AM",,"Nov 5, 2025, 5:30 AM","Nov 15, 2025, 5:30 AM",48,1,,,16
6929534a3d988a0d62d0f9e3,HDFC Bank Ltd,CLOSED,SECURED,Housing Loan,0,0,428,,"2,270,624","Feb 13, 2023, 5:30 AM","Aug 31, 2024, 5:30 AM","Aug 27, 2024, 5:30 AM","Oct 16, 2024, 5:30 AM",264,14,,00,
6929534a3d988a0d62d0f9e3,HDFC Bank Ltd,CLOSED,SECURED,Property Loan,0,0,428,,"70,329","Feb 13, 2023, 5:30 AM","Aug 31, 2024, 5:30 AM","Aug 27, 2024, 5:30 AM","Oct 16, 2024, 5:30 AM",120,14,,00,
6929534a3d988a0d62d0f9e3,HDFC Bank Ltd,CLOSED,SECURED,Property Loan,0,0,411,,"40,564","Mar 21, 2023, 5:30 AM","Sep 30, 2024, 5:30 AM","Sep 13, 2024, 5:30 AM","Oct 16, 2024, 5:30 AM",120,14,,00,
6929534a3d988a0d62d0f9e3,IDFC FIRST BANK LIMITED,CLOSED,UNSECURED,Consumer Loan,0,0,726,,"22,544","Feb 15, 2023, 5:30 AM","Nov 10, 2023, 5:30 AM","Nov 3, 2023, 5:30 AM","Nov 30, 2023, 5:30 AM",8,25,,00,
6929534a3d988a0d62d0f9e3,HDFC Bank Ltd,CLOSED,SECURED,Property Loan,0,0,428,,"1,100,000","Mar 17, 2023, 5:30 AM","Aug 31, 2024, 5:30 AM","Aug 27, 2024, 5:30 AM","Oct 16, 2024, 5:30 AM",180,14,,00,
6929534a3d988a0d62d0f9e3,SBI Cards and Payment Services Private Limited,ACTIVE,UNSECURED,Credit Card,"10,766",0,-1,"53,000","51,945","Mar 15, 2023, 5:30 AM",,"Oct 30, 2025, 5:30 AM","Nov 15, 2025, 5:30 AM",0,1,,,
6929534a3d988a0d62d0f9e3,Hero FinCorp Ltd,CLOSED,UNSECURED,Personal Loan,0,0,541,,"55,000","May 14, 2023, 5:30 AM","May 6, 2024, 5:30 AM","May 6, 2024, 5:30 AM","May 31, 2024, 5:30 AM",12,24,,00,30
6929534a3d988a0d62d0f9e3,TrillionLoans Fintech Private Limited,CLOSED,UNSECURED,Personal Loan,0,0,724,,"16,000","Mar 3, 2023, 5:30 AM","Sep 17, 2023, 5:30 AM","Nov 5, 2023, 5:30 AM","Nov 30, 2023, 5:30 AM",0,25,,,
6929534a3d988a0d62d0f9e3,NDX P2P PRIVATE LIMITED,CLOSED,UNSECURED,Personal Loan,0,0,724,,"16,000","Sep 17, 2023, 5:30 AM","Nov 5, 2023, 5:30 AM","Nov 5, 2023, 5:30 AM","Oct 31, 2024, 5:30 AM",0,14,,,
6929534a3d988a0d62d0f9e3,Hinduja Leyland Finance ltd,CLOSED,UNSECURED,Personal Loan,0,0,724,,"3,326","Jul 10, 2023, 5:30 AM","Nov 30, 2023, 5:30 AM","Nov 5, 2023, 5:30 AM","Nov 30, 2023, 5:30 AM",0,25,,,
6929534a3d988a0d62d0f9e3,ICICI Bank,ACTIVE,UNSECURED,Credit Card,"10,249",0,0,"50,000","48,157","May 3, 2023, 5:30 AM",,"Oct 29, 2025, 5:30 AM","Nov 15, 2025, 5:30 AM",0,1,,00,
6929534a3d988a0d62d0f9e3,Tata Capital Ltd,ACTIVE,UNSECURED,Personal Loan,"362,505",0,-7,,"548,100","Oct 13, 2023, 5:30 AM",,"Nov 5, 2025, 5:30 AM","Nov 15, 2025, 5:30 AM",60,1,,,14
6929534a3d988a0d62d0f9e3,Tata Capital Ltd,ACTIVE,UNSECURED,Personal Loan,"376,536",0,-7,,"502,000","Feb 29, 2024, 5:30 AM",,"Nov 5, 2025, 5:30 AM","Nov 15, 2025, 5:30 AM",60,1,,,15
6929534a3d988a0d62d0f9e3,Aditya Birla Housing Finance Pvt Ltd,CLOSED,SECURED,Housing Loan,0,0,0,,"2,600,000","Mar 30, 2021, 5:30 AM","Feb 13, 2023, 5:30 AM",,"Nov 15, 2025, 5:30 AM",0,1,,,
6929534a3d988a0d62d0f9e3,Aditya Birla Housing Finance Pvt Ltd,CLOSED,SECURED,Housing Loan,0,0,0,,"75,000","Apr 7, 2021, 5:30 AM","Feb 10, 2023, 5:30 AM",,"Nov 15, 2025, 5:30 AM",0,1,,,
6929534a3d988a0d62d0f9e3,AU Small Finance Bank,ACTIVE,UNSECURED,Personal Loan,"185,963",0,-7,,"260,000","May 30, 2024, 5:30 AM",,"Nov 5, 2025, 5:30 AM","Nov 15, 2025, 5:30 AM",0,1,,,
6929534a3d988a0d62d0f9e3,Bajaj Housing Finance Ltd,ACTIVE,SECURED,Property Loan,"1,910,921",0,429,,"1,954,138","Aug 26, 2024, 5:30 AM",,"Aug 26, 2024, 5:30 AM","Nov 15, 2025, 5:30 AM",0,1,,00,
6929534a3d988a0d62d0f9e3,Bajaj Housing Finance Ltd,ACTIVE,SECURED,Housing Loan,"2,164,544",0,429,,"2,220,239","Aug 26, 2024, 5:30 AM",,"Aug 26, 2024, 5:30 AM","Nov 15, 2025, 5:30 AM",0,1,,00,
6929534a3d988a0d62d0f9e3,Bajaj Finance Limited,ACTIVE,UNSECURED,Personal Loan,"640,343",0,27,,"762,063","Sep 12, 2024, 5:30 AM",,"Oct 2, 2025, 5:30 AM","Oct 15, 2025, 5:30 AM",63,2,,,18
6929534a3d988a0d62d0f9e3,NAVI FINSERV LIMITED,ACTIVE,UNSECURED,Personal Loan,"51,800",0,25,,"60,000","Jun 10, 2025, 5:30 AM",,"Oct 4, 2025, 5:30 AM","Nov 15, 2025, 5:30 AM",30,1,,,
6929534a3d988a0d62d0f9e3,PayU Finance India PVT Ltd,ACTIVE,UNSECURED,Personal Loan,0,,0,,"1,500","Jul 5, 2025, 5:30 AM",,,"Nov 15, 2025, 5:30 AM",1,1,,,36
6929534a3d988a0d62d0f9e3,Hero FinCorp Ltd,ACTIVE,UNSECURED,Personal Loan,"74,091",0,-5,,"77,160","Jul 24, 2025, 5:30 AM",,"Nov 3, 2025, 5:30 AM","Nov 15, 2025, 5:30 AM",48,1,,00,22
6929534a3d988a0d62d0f9e3,VIVRITI CAPITAL LIMITED,ACTIVE,UNSECURED,Consumer Loan,"17,104",0,0,,"25,000","Sep 5, 2025, 5:30 AM",,,"Nov 15, 2025, 5:30 AM",0,1,,,
6929534a3d988a0d62d0f9e3,PIRAMAL FINANCE LIMITED,ACTIVE,SECURED,Used Car Loan,"595,423",0,-8,,"611,615","Sep 15, 2025, 5:30 AM",,"Nov 6, 2025, 5:30 AM","Nov 15, 2025, 5:30 AM",0,1,0,,
68a868c05a22f04be691676a,Bank Of Baroda,CLOSED,UNSECURED,Personal Loan,0,,"1,483",,"25,000","Jan 29, 2021, 5:30 AM","Jun 10, 2022, 5:30 AM","Oct 8, 2021, 5:30 AM","Jun 30, 2022, 5:30 AM",9,48,,,16
68a868c05a22f04be691676a,Bajaj Finance Limited,CLOSED,UNSECURED,Consumer Loan,0,0,"1,489",,"15,000","Nov 26, 2020, 5:30 AM","Oct 18, 2021, 5:30 AM","Oct 2, 2021, 5:30 AM","Nov 30, 2021, 5:30 AM",0,49,,,
68a868c05a22f04be691676a,IDFC FIRST BANK LIMITED,CLOSED,UNSECURED,Personal Loan,0,0,"1,064",,"10,500","Apr 11, 2021, 5:30 AM","Dec 1, 2023, 5:30 AM","Dec 1, 2022, 5:30 AM","Dec 31, 2023, 5:30 AM",24,24,,00,
68a868c05a22f04be691676a,Bank Of Baroda,CLOSED,UNSECURED,Personal Loan,0,,"1,042",,"30,000","Jun 19, 2021, 5:30 AM","Jan 13, 2023, 5:30 AM","Dec 23, 2022, 5:30 AM","Jan 31, 2023, 5:30 AM",18,36,,,16
68a868c05a22f04be691676a,Dhani Loans and Services Limited,CLOSED,UNSECURED,Personal Loan,0,0,0,,"10,000","Jan 24, 2022, 5:30 AM","Dec 11, 2022, 5:30 AM",,"Apr 15, 2025, 5:30 AM",3,12,0,,
68a868c05a22f04be691676a,Bajaj Finance Limited,CLOSED,UNSECURED,Consumer Loan,0,0,"1,366",,"29,990","Jun 7, 2021, 5:30 AM","Feb 18, 2022, 5:30 AM","Feb 2, 2022, 5:30 AM","Mar 31, 2022, 5:30 AM",0,49,,,
68a868c05a22f04be691676a,Bajaj Finance Limited,CLOSED,UNSECURED,Consumer Loan,0,0,"1,154",,"46,990","Dec 29, 2021, 5:30 AM","Oct 11, 2022, 5:30 AM","Sep 2, 2022, 5:30 AM","Nov 30, 2022, 5:30 AM",0,37,,,
68a868c05a22f04be691676a,Krazybee Services Private Limited,CLOSED,UNSECURED,Personal Loan,0,0,"1,102",,"10,500","Jul 28, 2022, 5:30 AM","Oct 24, 2022, 5:30 AM","Oct 24, 2022, 5:30 AM","Oct 31, 2022, 5:30 AM",0,38,0,,
68a868c05a22f04be691676a,SI CREVA CAPITAL,CLOSED,UNSECURED,Personal Loan,0,0,"1,151",,"1,680","Aug 24, 2022, 5:30 AM","Feb 5, 2023, 5:30 AM","Sep 5, 2022, 5:30 AM","Feb 28, 2023, 5:30 AM",1,36,,,
68a868c05a22f04be691676a,Bajaj Finance Limited,CLOSED,UNSECURED,Consumer Loan,0,0,851,,"25,500","Sep 29, 2022, 5:30 AM","Jul 4, 2023, 5:30 AM","Jul 2, 2023, 5:30 AM","Aug 31, 2023, 5:30 AM",9,36,,,
68a868c05a22f04be691676a,Krazybee Services Private Limited,CLOSED,UNSECURED,Personal Loan,0,0,938,,"1,100","Nov 10, 2022, 5:30 AM","Apr 6, 2023, 5:30 AM","Apr 6, 2023, 5:30 AM","Apr 30, 2023, 5:30 AM",0,36,0,,
68a868c05a22f04be691676a,Poonawalla Fincorp Limited,CLOSED,UNSECURED,Personal Loan,0,0,938,,"20,900","Nov 10, 2022, 5:30 AM","Apr 6, 2023, 5:30 AM","Apr 6, 2023, 5:30 AM","Apr 30, 2023, 5:30 AM",0,32,0,,
68a868c05a22f04be691676a,Bank Of Baroda,CLOSED,UNSECURED,Personal Loan,0,0,446,,"41,938","Feb 16, 2023, 5:30 AM","Aug 31, 2024, 5:30 AM","Aug 10, 2024, 5:30 AM","Aug 31, 2024, 5:30 AM",18,24,,,16
68a868c05a22f04be691676a,IDFC FIRST BANK LIMITED,CLOSED,UNSECURED,Personal Loan,0,0,760,,"40,000","Jan 16, 2023, 5:30 AM","Dec 1, 2023, 5:30 AM","Oct 1, 2023, 5:30 AM","Dec 31, 2023, 5:30 AM",24,24,,00,
68a868c05a22f04be691676a,Bajaj Finance Limited,CLOSED,UNSECURED,Consumer Loan,0,0,942,,"12,999","Oct 6, 2022, 5:30 AM","Apr 5, 2023, 5:30 AM","Apr 2, 2023, 5:30 AM","May 31, 2023, 5:30 AM",6,36,,,
68a868c05a22f04be691676a,Bajaj Finance Limited,CLOSED,UNSECURED,Consumer Loan,0,0,728,,"63,000","Mar 8, 2023, 5:30 AM","Dec 12, 2023, 5:30 AM","Nov 2, 2023, 5:30 AM","Jan 31, 2024, 5:30 AM",11,24,,,
68a868c05a22f04be691676a,Bajaj Finance Limited,CLOSED,UNSECURED,Consumer Loan,0,0,851,,"18,499","Dec 10, 2022, 5:30 AM","Jul 6, 2023, 5:30 AM","Jul 2, 2023, 5:30 AM","Aug 31, 2023, 5:30 AM",10,36,,,
68a868c05a22f04be691676a,Krazybee Services Private Limited,CLOSED,UNSECURED,Personal Loan,0,0,758,,"3,000","Apr 9, 2023, 5:30 AM","Oct 3, 2023, 5:30 AM","Oct 3, 2023, 5:30 AM","Oct 31, 2023, 5:30 AM",6,26,0,,
68a868c05a22f04be691676a,TRANSACTREE TECHNOLOGIES PVT LTD,CLOSED,UNSECURED,Short Term Personal Loan [Unsecured],0,0,479,,"30,000","Nov 20, 2022, 5:30 AM","Jan 28, 2025, 5:30 AM","Jul 8, 2024, 5:30 AM","Jan 31, 2025, 5:30 AM",0,12,,,
68a868c05a22f04be691676a,Bajaj Finance Limited,CLOSED,UNSECURED,Consumer Loan,0,0,636,,"32,999","Jun 20, 2023, 5:30 AM","Jun 5, 2024, 5:30 AM","Feb 2, 2024, 5:30 AM","Jul 31, 2024, 5:30 AM",10,24,,,
68a868c05a22f04be691676a,Cholamandalam Investment and Finance Company Limited,CLOSED,UNSECURED,Personal Loan,0,0,0,,"27,000","Apr 9, 2023, 5:30 AM","Oct 3, 2023, 5:30 AM",,"Oct 31, 2023, 5:30 AM",0,26,,,
68a868c05a22f04be691676a,NAVI FINSERV LIMITED,CLOSED,UNSECURED,Personal Loan,0,0,587,,"25,000","Jun 22, 2023, 5:30 AM","Mar 22, 2024, 5:30 AM","Mar 22, 2024, 5:30 AM","May 31, 2024, 5:30 AM",9,24,,,
68a868c05a22f04be691676a,True Credits Private Limited,CLOSED,UNSECURED,Personal Loan,0,0,605,,"5,668","Dec 8, 2023, 5:30 AM","Mar 4, 2024, 5:30 AM","Mar 4, 2024, 5:30 AM","Mar 31, 2024, 5:30 AM",3,24,,00,58
68a868c05a22f04be691676a,True Credits Private Limited,CLOSED,UNSECURED,Personal Loan,0,0,700,,"3,403","Sep 14, 2023, 5:30 AM","Nov 30, 2023, 5:30 AM","Nov 30, 2023, 5:30 AM","Nov 30, 2023, 5:30 AM",3,25,,00,56
68a868c05a22f04be691676a,TRANSACTREE TECHNOLOGIES PVT LTD,CLOSED,UNSECURED,P2P Personal Loan,0,0,606,,"11,227","Aug 21, 2023, 5:30 AM","Mar 3, 2024, 5:30 AM","Mar 3, 2024, 5:30 AM","Nov 30, 2024, 5:30 AM",0,13,,,
68a868c05a22f04be691676a,True Credits Private Limited,CLOSED,UNSECURED,Personal Loan,0,0,484,,"7,290","Mar 28, 2024, 5:30 AM","Jul 3, 2024, 5:30 AM","Jul 3, 2024, 5:30 AM","Jul 31, 2024, 5:30 AM",3,17,,00,58
68a868c05a22f04be691676a,Bajaj Finance Limited,CLOSED,UNSECURED,Consumer Loan,0,0,270,,"64,900","Jan 29, 2024, 5:30 AM","Feb 8, 2025, 5:30 AM","Feb 2, 2025, 5:30 AM","Apr 15, 2025, 5:30 AM",15,12,,,
68a868c05a22f04be691676a,NAVI FINSERV LIMITED,CLOSED,UNSECURED,Personal Loan,0,0,345,,"40,000","Jun 29, 2024, 5:30 AM","Nov 19, 2024, 5:30 AM","Nov 19, 2024, 5:30 AM","Dec 16, 2024, 5:30 AM",6,12,,,
68a868c05a22f04be691676a,Bajaj Finance Limited,CLOSED,UNSECURED,Consumer Loan,0,0,242,,"14,208","Jun 26, 2024, 5:30 AM","Mar 8, 2025, 5:30 AM","Mar 2, 2025, 5:30 AM","May 15, 2025, 5:30 AM",12,12,,,
68a868c05a22f04be691676a,Aditya Birla Capital Ltd,CLOSED,UNSECURED,Personal Loan,0,0,0,,"50,000","Oct 3, 2024, 5:30 AM","Oct 14, 2025, 5:30 AM",,"Nov 15, 2025, 5:30 AM",0,1,,00,
68a868c05a22f04be691676a,Bajaj Finance Limited,CLOSED,UNSECURED,Consumer Loan,0,0,89,,"11,000","Jan 12, 2025, 5:30 AM","Aug 3, 2025, 5:30 AM","Aug 2, 2025, 5:30 AM","Oct 15, 2025, 5:30 AM",8,2,,,19
68a868c05a22f04be691676a,Northern Arc Capital Limited,CLOSED,UNSECURED,Short Term Personal Loan [Unsecured],0,0,162,,"15,000","Jan 1, 2025, 5:30 AM","May 21, 2025, 5:30 AM","May 21, 2025, 5:30 AM","May 31, 2025, 5:30 AM",5,7,,00,36
68a868c05a22f04be691676a,SI CREVA CAPITAL,CLOSED,UNSECURED,Personal Loan,0,0,87,,"20,000","Feb 4, 2025, 5:30 AM","Aug 4, 2025, 5:30 AM","Aug 4, 2025, 5:30 AM","Aug 31, 2025, 5:30 AM",0,4,,,
68a868c05a22f04be691676a,NAVI FINSERV LIMITED,CLOSED,UNSECURED,Personal Loan,0,0,80,,"50,000","Jan 2, 2025, 5:30 AM","Aug 11, 2025, 5:30 AM","Aug 11, 2025, 5:30 AM","Oct 31, 2025, 5:30 AM",7,2,,,
68a868c05a22f04be691676a,VIVRITI CAPITAL LIMITED,ACTIVE,UNSECURED,Personal Loan,"6,599",,-5,,"42,750","May 8, 2025, 5:30 AM",,"Nov 4, 2025, 5:30 AM","Nov 15, 2025, 5:30 AM",0,1,,,
68a868c05a22f04be691676a,Upmove Capital Pvt Ltd,ACTIVE,UNSECURED,Personal Loan,347,,-5,,"2,250","May 8, 2025, 5:30 AM",,"Nov 4, 2025, 5:30 AM","Nov 15, 2025, 5:30 AM",0,1,,,
68a868c05a22f04be691676a,SMFG India Credit Company Limited,ACTIVE,UNSECURED,Personal Loan,"27,959",0,25,,"45,000","Jun 16, 2025, 5:30 AM",,"Oct 5, 2025, 5:30 AM","Oct 31, 2025, 5:30 AM",0,2,,,
68a868c05a22f04be691676a,SI CREVA CAPITAL,ACTIVE,UNSECURED,Personal Loan,"17,186",0,-16,,"19,000","Aug 25, 2025, 5:30 AM",,"Nov 15, 2025, 5:30 AM","Nov 15, 2025, 5:30 AM",0,1,,,
68a868c05a22f04be691676a,SBM Bank (Mauritius) Ltd,ACTIVE,SECURED,Secured Credit Card,0,0,-8,"4,500","4,500","Sep 29, 2025, 5:30 AM",,"Nov 7, 2025, 5:30 AM","Nov 15, 2025, 5:30 AM",0,1,,,
68a868c05a22f04be691676a,BRANCH INTERNATIONAL FINANCIAL SERVICES PVT LTD,CLOSED,UNSECURED,Short Term Personal Loan [Unsecured],0,0,-8,,"1,500","Sep 28, 2025, 5:30 AM","Nov 7, 2025, 5:30 AM","Nov 7, 2025, 5:30 AM","Nov 15, 2025, 5:30 AM",3,1,,,
68a868c05a22f04be691676a,Akara Capital Advisors Private Limited,ACTIVE,UNSECURED,Personal Loan,"29,265",0,-4,,"30,761","Oct 4, 2025, 5:30 AM",,"Nov 3, 2025, 5:30 AM","Nov 15, 2025, 5:30 AM",0,1,,00,
67b9ab6800dfe43a97fff463,HDB Financial Services Limited,CLOSED,UNSECURED,Consumer Loan,0,0,822,,"18,005","Feb 3, 2023, 5:30 AM","Oct 2, 2023, 5:30 AM","Oct 2, 2023, 5:30 AM","Nov 30, 2023, 5:30 AM",13,27,,,
67b9ab6800dfe43a97fff463,HDB Financial Services Limited,CLOSED,UNSECURED,Personal Loan,0,0,617,,"20,000","Jun 24, 2023, 5:30 AM","Apr 24, 2024, 5:30 AM","Apr 24, 2024, 5:30 AM","Apr 30, 2024, 5:30 AM",12,26,,,
67b9ab6800dfe43a97fff463,WESTERN CAPITAL ADVISORS PVT LTD,CLOSED,UNSECURED,Microfinance – Business Loan,0,0,472,,"25,000","Dec 4, 2023, 5:30 AM","Sep 16, 2024, 5:30 AM","Sep 16, 2024, 5:30 AM","Jan 15, 2025, 5:30 AM",10,14,,00,
67b9ab6800dfe43a97fff463,Shivalik Mercantile Co-op Bank Ltd,CLOSED,OTHERS,Business Loan – Priority Sector – Agriculture,0,0,45,,"50,000","Feb 23, 2024, 5:30 AM","Sep 15, 2025, 5:30 AM","Sep 15, 2025, 5:30 AM","Sep 15, 2025, 5:30 AM",1,12,,00,24
67b9ab6800dfe43a97fff463,HDB Financial Services Limited,ACTIVE,UNSECURED,Personal Loan,"41,989","44,898",242,,"74,000","Apr 23, 2024, 5:30 AM",,"Jan 8, 2026, 5:30 AM","Jan 18, 2026, 5:30 AM",24,2,,,
67b9ab6800dfe43a97fff463,TRANSACTREE TECHNOLOGIES PVT LTD,CLOSED,UNSECURED,Short Term Personal Loan [Unsecured],0,0,487,,"1,000","Jul 28, 2024, 5:30 AM","Jan 29, 2025, 5:30 AM","Sep 1, 2024, 5:30 AM","Jan 31, 2025, 5:30 AM",0,14,,,
67b9ab6800dfe43a97fff463,WESTERN CAPITAL ADVISORS PVT LTD,CLOSED,UNSECURED,Microfinance – Business Loan,0,0,279,,"36,173","Sep 30, 2024, 5:30 AM","Mar 28, 2025, 5:30 AM","Mar 28, 2025, 5:30 AM","Apr 15, 2025, 5:30 AM",6,14,,00,
67b9ab6800dfe43a97fff463,HDB Financial Services Limited,CLOSED,UNSECURED,Consumer Loan,0,0,211,,"9,946","Nov 8, 2024, 5:30 AM","Jun 4, 2025, 5:30 AM","Jun 4, 2025, 5:30 AM","Jun 18, 2025, 5:30 AM",8,14,,,
67b9ab6800dfe43a97fff463,Bajaj Finance Limited,CLOSED,UNSECURED,Consumer Loan,0,0,213,,"14,899","Nov 28, 2024, 5:30 AM","Jun 5, 2025, 5:30 AM","Jun 2, 2025, 5:30 AM","Aug 15, 2025, 5:30 AM",8,14,,,
67b9ab6800dfe43a97fff463,Krazybee Services Private Limited,CLOSED,UNSECURED,Short Term Personal Loan [Unsecured],0,0,195,,"2,400","Dec 19, 2024, 5:30 AM","Jun 20, 2025, 5:30 AM","Jun 20, 2025, 5:30 AM","Jun 30, 2025, 5:30 AM",7,14,,,
67b9ab6800dfe43a97fff463,PayU Finance India PVT Ltd,CLOSED,UNSECURED,Short Term Personal Loan [Unsecured],0,0,195,,"9,600","Dec 19, 2024, 5:30 AM","Jun 20, 2025, 5:30 AM","Jun 20, 2025, 5:30 AM","Jun 30, 2025, 5:30 AM",7,14,0,,
67b9ab6800dfe43a97fff463,Bajaj Finance Limited,CLOSED,UNSECURED,Consumer Loan,0,0,121,,"7,500","Jan 8, 2025, 5:30 AM","Sep 3, 2025, 5:30 AM","Sep 2, 2025, 5:30 AM","Nov 15, 2025, 5:30 AM",8,3,,,
67b9ab6800dfe43a97fff463,Bajaj Finance Limited,CLOSED,UNSECURED,Consumer Loan,0,0,152,,"10,700","Dec 6, 2024, 5:30 AM","Aug 2, 2025, 5:30 AM","Aug 2, 2025, 5:30 AM","Oct 15, 2025, 5:30 AM",10,4,,,
67b9ab6800dfe43a97fff463,Sayyam Investmets Pvt Ltd,CLOSED,UNSECURED,Personal Loan,0,0,316,,"2,500","Feb 8, 2025, 5:30 AM","Feb 19, 2025, 5:30 AM","Feb 19, 2025, 5:30 AM","Feb 28, 2025, 5:30 AM",0,12,,,
67b9ab6800dfe43a97fff463,True Credits Private Limited,CLOSED,UNSECURED,Personal Loan,0,0,320,,"1,747","Feb 1, 2025, 5:30 AM","Feb 15, 2025, 5:30 AM","Feb 15, 2025, 5:30 AM","Feb 15, 2025, 5:30 AM",6,12,,00,46
67b9ab6800dfe43a97fff463,True Credits Private Limited,CLOSED,UNSECURED,Personal Loan,0,0,262,,"5,253","Feb 15, 2025, 5:30 AM","Apr 14, 2025, 5:30 AM","Apr 14, 2025, 5:30 AM","Apr 15, 2025, 5:30 AM",6,10,,00,46
67b9ab6800dfe43a97fff463,Sayyam Investmets Pvt Ltd,ACTIVE,UNSECURED,Short Term Personal Loan [Unsecured],"40,352","40,352",333,,"27,500","Feb 19, 2025, 5:30 AM",,"Apr 15, 2025, 5:30 AM","Dec 31, 2025, 5:30 AM",0,2,,00,
692ace6f2e9d896071666627,Bajaj Finance Limited,ACTIVE,UNSECURED,Consumer Loan,"9,374",0,28,,"24,999","Jul 5, 2025, 5:30 AM",,"Oct 2, 2025, 5:30 AM","Oct 15, 2025, 5:30 AM",8,2,,,
692ace6f2e9d896071666627,R K BANSAL FINANCE PRIVATE LIMITED,ACTIVE,UNSECURED,Short Term Personal Loan [Unsecured],"6,000",0,0,,"6,000","Oct 15, 2025, 5:30 AM",,,"Oct 15, 2025, 5:30 AM",0,2,,00,
